id,name,description,ruling,reason,variations
acacia-gum,Acacia Gum,"A natural gum made of hardened sap from acacia trees. It is used as a stabilizer, thickener, and emulsifier in foods.",halal,Acacia gum is a natural product derived from plant sap and is considered halal.,"['acacia-gum', 'acacia-gum-gum-arabic', 'gum arabic', 'e414']"
4-hexylresorcinol,4-Hexylresorcinol,An ingredient used as an antioxidant to prevent discoloration in seafood and other food products.,halal,4-Hexylresorcinol is a synthetic compound and is considered halal unless it contains non-halal components during its production.,['4-hexylresorcinol']
acetic-acid-esters-of-mono-and-diglycerides,Acetic Acid Esters of Mono- and Diglycerides,"Emulsifiers made from edible fats and acetic acid, used to improve the texture and stability of food products.",uncertain,"The halal status depends on the source of the mono- and diglycerides. If they are derived from halal-slaughtered animals or vegetable sources, it is halal. Otherwise, it is haram. Due to the uncertainty of the source, it is considered uncertain.","['acetic-acid-esters-of-mono-and-diglycerides', 'acetic-esters-of-mono-and-diglycerides', 'acetic-acid-esters-of-mono-and-diglycerides-of-fatty-acids', 'e472a']"
acesulfame-potassium,Acesulfame Potassium,A zero-calorie artificial sweetener used in various food and beverage products.,halal,Acesulfame potassium is a synthetic sweetener and is considered halal unless non-halal substances are used in its production.,"['acesulfame-potassium', 'acesulfame-k', 'e950']"
acetone-peroxide,Acetone Peroxide,An organic peroxide and a primary high explosive. It is a dangerous compound and not intentionally added to food.,uncertain,Acetone peroxide is not a food ingredient. Its presence in food would be accidental and a safety concern rather than a halal/haram issue.,['acetone-peroxide']
acetic-acid,Acetic Acid,"A clear, colorless organic acid commonly known as vinegar when in solution with water. It is used as a preservative and flavoring agent.",halal,"Acetic acid is generally considered halal as it is produced through the fermentation of ethanol, which can be derived from halal sources.","['acetic-acid', 'ethanoic acid', 'e260']"
acetylated-oxidised-starch,Acetylated Oxidised Starch,A modified starch used as a food additive for thickening and stabilizing.,halal,"If the starch is derived from a halal source (such as corn, wheat, rice, or tapioca) and the acetylation and oxidation processes do not involve any haram substances, then it is considered halal.","['acetylated oxidised starch', 'e1451']"
active-dry-yeast,Active Dry Yeast,A form of yeast used as a leavening agent in baking.,halal,Yeast is a microorganism and is considered halal as long as it is not cultivated in a haram environment or mixed with haram substances.,"['active dry yeast', 'yeast']"
actinidin,Actinidin,"A cysteine protease enzyme found in kiwifruit, used as a meat tenderizer and in food processing.",halal,"Actinidin is derived from kiwifruit, which is a halal source. As long as the extraction and processing do not involve any haram substances, it is considered halal.",['actinidin']
acetyl-propionyl,Acetyl Propionyl,"A flavoring agent used in food products to impart a sweet, buttery flavor.",uncertain,"The halal status of acetyl propionyl is uncertain due to limited information about its source and manufacturing process. Without detailed information on the ingredients and processes used, it is difficult to determine whether it is halal.","['acetyl propionyl', '2,3-pentanedione']"
acetylated-distarch-adipate,Acetylated Distarch Adipate,A modified starch used as a food additive for thickening and stabilizing.,halal,"If the starch is derived from a halal source (such as corn, wheat, rice, or tapioca) and the acetylation and adipate processes do not involve any haram substances, then it is considered halal.","['acetylated distarch adipate', 'e1422']"
acorn-flour,Acorn Flour,"Flour made from ground acorns, used in some traditional cuisines.",halal,"Acorns are a plant-based source, and flour made from them is considered halal as long as no haram substances are added during processing.",['acorn flour']
acetylated-starch,Acetylated Starch,A modified starch used as a food additive for thickening and stabilizing.,halal,"If the starch is derived from a halal source (such as corn, wheat, rice, or tapioca) and the acetylation process does not involve any haram substances, then it is considered halal.","['acetylated starch', 'e1420']"
acidity-regulator,Acidity Regulator,A substance added to food to control or change its acidity or alkalinity.,uncertain,"Acidity regulators can be various substances, and their halal status depends on their source and processing. Some acidity regulators are halal, while others may be haram or questionable. Without knowing the specific substance used as the acidity regulator, it is difficult to determine its halal status.",['acidity regulator']
ada,Ada,"It could refer to several things depending on the context. Without more context, it's difficult to determine its halal status.",uncertain,"The term 'ada' is ambiguous and requires more context to determine its halal status. It could refer to a food ingredient, a dish, or an abbreviation. More information is needed to provide an accurate ruling.",['ada']
acid-whey,Acid Whey,"The liquid byproduct of cheese or casein production, specifically from acid-set processes.",halal,"Acid whey is a byproduct of cheese or casein production. As long as the cheese or casein is produced using halal methods and ingredients, the resulting acid whey is also considered halal.",['acid whey']
adzuki-bean-flour,Adzuki Bean Flour,"Flour made from ground adzuki beans, a type of red bean.",halal,"Adzuki beans are inherently halal, and the process of making flour from them does not introduce any haram substances.","['adzuki bean flour', 'adzuki bean powder', 'red bean flour']"
agave-syrup,Agave Syrup,A sweetener derived from the agave plant.,halal,Agave syrup is extracted from the agave plant and processed without the use of any haram substances.,"['agave syrup', 'agave nectar']"
albumin,Albumin,"A protein found in eggs and milk, often used as a binding agent or emulsifier.",uncertain,"If the albumin is derived from egg, it is halal. If it is derived from bovine source, it is halal only if the animal is slaughtered according to Islamic guidelines.","['albumin', 'albumen']"
adipic-acid,Adipic Acid,An organic compound used as a food additive for flavoring or as a buffering and gelling agent.,halal,Adipic acid is synthetically produced and does not contain any animal-derived ingredients or haram substances.,"['adipic acid', 'E355']"
albumin-powder,Albumin Powder,"A powdered form of albumin, a protein found in eggs and milk, often used as a binding agent or emulsifier.",uncertain,"If the albumin is derived from egg, it is halal. If it is derived from bovine source, it is halal only if the animal is slaughtered according to Islamic guidelines.",['albumin powder']
advantame,Advantame,A non-nutritive artificial sweetener.,halal,Advantame is synthetically produced and does not contain any animal-derived ingredients or haram substances.,"['advantame', 'E969']"
algin,Algin,"A polysaccharide extracted from brown algae, used as a thickening or gelling agent.",halal,Algin is derived from seaweed and does not involve any haram substances.,"['algin', 'alginic acid', 'E400']"
almond-flour,Almond Flour,Flour made from ground almonds.,halal,"Almond flour is derived solely from almonds, which are considered halal. The production process typically involves grinding almonds, which does not introduce any haram substances.",['almond flour']
alitame,Alitame,A high-intensity artificial sweetener.,uncertain,The halal status of alitame is uncertain due to limited information about its production process and potential use of non-halal ingredients or processes. Further investigation into the specific manufacturing details is needed to determine its permissibility.,['alitame']
almond-extract,Almond Extract,A flavoring extract made from almond oil and alcohol.,uncertain,"The permissibility of almond extract depends on the source and type of alcohol used in its production. If the alcohol is derived from halal sources and is not intended for intoxication, it may be considered halal. However, if the alcohol is derived from haram sources or is used as an intoxicant, the extract would be considered haram.",['almond extract']
alginate,Alginate,"A polysaccharide extracted from brown algae, used as a thickening and gelling agent.",halal,"Alginate is derived from brown algae and does not involve any haram substances in its production. Therefore, it is considered halal.",['alginate']
allura-red,Allura Red,A synthetic red food coloring.,uncertain,"The halal status of Allura Red is uncertain due to conflicting opinions among scholars. Some consider it permissible as a synthetic food coloring if it does not contain any animal-derived ingredients, while others avoid all artificial food colorings due to doubts about their origin and processing.","['allura red', 'allura red ac', 'E129', 'FD&C Red No. 40']"
allulose,Allulose,"A rare sugar found in small quantities in certain fruits and plants, used as a low-calorie sweetener.",halal,"Allulose is a naturally occurring sugar and its production typically does not involve any haram substances. Therefore, it is considered halal.",['allulose']
all-purpose-flour,All-Purpose Flour,A versatile wheat flour used in various baking and cooking applications.,halal,"All-purpose flour is made from wheat and does not contain any haram ingredients. The milling process does not introduce any non-halal substances, making it halal.","['all-purpose flour', 'allpurpose flour', 'wheat flour']"
almond-meal,Almond Meal,A coarser grind of almonds compared to almond flour.,halal,"Almond meal is simply ground almonds, which are considered halal. The production process does not involve any haram substances.",['almond meal']
alpha-tocopherol,Alpha-Tocopherol,"A form of vitamin E, acting as an antioxidant.",halal,"Alpha-tocopherol is a type of vitamin E, typically derived from vegetable oils. As such, it is generally considered halal unless produced using haram substances.","['alpha-tocopherol', 'alphatocopherol', 'vitamin e']"
aluminium-phosphates,Aluminium Phosphates,"Used as a food additive, often as a leavening agent or acidity regulator.",halal,Aluminium phosphates are generally considered halal as they are mineral-based compounds and do not contain any haram substances.,['aluminium phosphates']
aluminium-potassium-sulphate,Aluminium Potassium Sulphate,A chemical compound used in food processing as a firming agent.,halal,Aluminium potassium sulphate is a mineral salt and is considered halal.,"['aluminium potassium sulphate', 'aluminum potassium sulfate', 'alum']"
aluminium-sodium-sulphate,Aluminium Sodium Sulphate,A chemical compound used in food processing as a firming agent.,halal,Aluminium sodium sulphate is a mineral salt and is considered halal.,"['aluminium sodium sulphate', 'aluminum sodium sulfate']"
aluminium-sulphate,Aluminium Sulphate,"A chemical compound used in food processing, often as a firming agent or to control pH.",halal,Aluminium sulphate is a mineral salt and is considered halal.,"['aluminium sulphate', 'aluminum sulfate']"
amaranth,Amaranth,A red food dye.,halal,Amaranth is a synthetic food coloring. The majority of Islamic scholars consider synthetic food colorings permissible unless they contain ingredients of animal origin or are produced using haram substances.,"['amaranth', 'E123', 'FD&C Red No. 2']"
aluminium,Aluminium,A metallic element.,halal,Aluminium is a basic metallic element and is considered halal.,"['aluminium', 'aluminum']"
aluminium-ammonium-sulphate,Aluminium Ammonium Sulphate,A chemical compound used in food processing as a firming agent.,halal,Aluminium ammonium sulphate is a mineral salt and is considered halal.,"['aluminium ammonium sulphate', 'aluminum ammonium sulfate']"
aluminium-sulphates,Aluminium Sulphates,"A group of chemical compounds used in food processing, often as firming agents or to control pH.",halal,Aluminium sulphates are mineral salts and are considered halal.,"['aluminium sulphates', 'aluminum sulfates']"
amaranth-flour,Amaranth Flour,"Flour made from amaranth seeds, used in baking and cooking.",halal,"Amaranth flour is derived from amaranth seeds, which are naturally halal. Therefore, amaranth flour is halal.",['amaranth flour']
amino-acid,Amino Acid,"Amino acids are the building blocks of proteins, essential for various bodily functions.",uncertain,"The halal status depends on the source of the amino acid. If derived from plant or halal animal sources, it is halal. If from non-halal animal sources, it is haram. Without knowing the source, it is uncertain.","['amino acid', 'amino acids']"
ammonium-bicarbonate,Ammonium Bicarbonate,A chemical compound used as a leavening agent in baking.,halal,"Ammonium bicarbonate is a synthetic compound and does not contain any animal-derived ingredients or alcohol. Therefore, it is considered halal.","['ammonium bicarbonate', 'E503(ii)']"
ammonia-caramel,Ammonia Caramel,A food coloring produced by heating carbohydrates with ammonia compounds.,halal,Ammonia caramel is generally considered halal as the ingredients and production methods typically do not involve any haram substances.,"['ammonia caramel', 'E150c', 'caramel color (ammonia process)']"
ammonium-hydroxide,Ammonium Hydroxide,A chemical compound used in food processing as a pH adjuster.,halal,"Ammonium hydroxide is a chemical compound and does not contain any animal-derived ingredients or alcohol. Therefore, it is considered halal.","['ammonium hydroxide', 'E527']"
ammonium-carbonates,Ammonium Carbonates,A mixture of ammonium salts used as a leavening agent.,halal,"Ammonium carbonates are synthetic compounds and do not contain any animal-derived ingredients or alcohol. Therefore, they are considered halal.","['ammonium carbonates', 'E503']"
ammonium-carbonate,Ammonium Carbonate,A chemical compound used as a leavening agent in baking.,halal,"Ammonium carbonate is a synthetic compound and does not contain any animal-derived ingredients or alcohol. Therefore, it is considered halal.","['ammonium carbonate', 'E503(i)']"
ammonium-chloride,Ammonium Chloride,"A chemical compound used as a food additive, often as a flavor enhancer or acidity regulator.",halal,"Ammonium chloride is a synthetic compound and does not contain any animal-derived ingredients or alcohol. Therefore, it is considered halal.","['ammonium chloride', 'E510', 'sal ammoniac']"
amylase,Amylase,"An enzyme that breaks down starch into sugars, used in baking and food processing.",halal,"Amylase is typically derived from microbial or plant sources, which are considered halal unless produced using haram substances.","['amylase', 'alpha-amylase', 'diastase']"
anhydrous-caffeine,Anhydrous Caffeine,"A concentrated form of caffeine, a stimulant commonly added to energy drinks and supplements.",halal,Caffeine itself is halal. Anhydrous caffeine is simply caffeine with the water removed. It is halal unless haram substances are added during processing.,"['anhydrous caffeine', 'caffeine anhydrous']"
animal-rennet,Animal Rennet,An enzyme derived from the stomach of young mammals (typically calves) used to coagulate milk in cheese making.,uncertain,"Animal rennet is haram if derived from animals not slaughtered according to Islamic guidelines. If it is from an animal slaughtered according to Islamic guidelines, it is halal. Since the source is often not specified, it is best to consider it uncertain.","['animal rennet', 'rennet']"
anchovy-extract,Anchovy Extract,"A concentrated flavoring derived from anchovies, often used in sauces and seasonings.",uncertain,"Fish is generally considered halal. However, processing methods or added ingredients could render anchovy extract haram. Without specific details on processing, it is best to consider it uncertain.",['anchovy extract']
anhydrous-milk-fat,Anhydrous Milk Fat,Milk fat from which almost all water and non-fat solids have been removed.,halal,"As long as it is derived from permissible animals, milk and its derivatives are considered halal.","['anhydrous milk fat', 'AMF', 'butter oil', 'milkfat']"
animal-shortening,Animal Shortening,"Fat derived from animals, used in baking and cooking to create a tender texture.",uncertain,"If the animal source is halal and slaughtered according to Islamic guidelines, it is halal. Otherwise, it is haram. Since the source and slaughtering method are usually unspecified, it is best to consider it uncertain.",['animal shortening']
ammonium-stearoyl-lactylate,Ammonium Stearoyl Lactylate,An emulsifier and dough conditioner used in the food industry.,uncertain,"Stearoyl lactylate can be derived from either plant-based or animal-based sources. If it is derived from animal fat and the animal is not halal slaughtered, then it is haram. Due to the uncertainty of the source, it is considered uncertain.","['ammonium stearoyl lactylate', 'ASL', 'E481']"
antioxidant,Antioxidant,"A substance that inhibits oxidation, especially one used to counteract the deterioration of stored food products.",halal,Antioxidants are generally considered halal if they are derived from plant-based or synthetic sources and do not contain any haram ingredients.,['antioxidant']
anthocyanins,Anthocyanins,"Water-soluble vacuolar pigments that may appear red, purple, or blue according to the pH.",halal,"Anthocyanins are natural pigments found in many plants, fruits, and vegetables. They are considered halal as long as they are extracted using halal methods and do not contain any haram additives.","['anthocyanins', 'anthocyanin', 'e163']"
anticaking-agent,Anticaking Agent,"An additive placed in powdered or granulated materials, such as food, to prevent the formation of lumps.",uncertain,"Some anticaking agents are halal, such as silicon dioxide and calcium silicate, while others may be questionable depending on their source and processing. For example, some may contain animal-derived ingredients. Without specific information on the anticaking agent used, the ruling is uncertain.","['anticaking agent', 'anti-caking agent']"
apple-fiber,Apple Fiber,Dietary fiber derived from apples.,halal,Apple fiber is a plant-based product and is considered halal as long as it is not processed with any haram substances.,['apple fiber']
annatto-extract,Annatto Extract,A natural food coloring derived from the seeds of the achiote tree.,halal,Annatto extract is a natural plant-based coloring agent and is considered halal.,"['annatto extract', 'annatto', 'achiote extract', 'natural color e160b']"
antiblooming-agent-chocolate,Anti-blooming Agent (Chocolate),Substances used to prevent fat or sugar bloom on the surface of chocolate.,uncertain,"The halal status depends on the specific ingredients used in the anti-blooming agent. Some agents may contain animal-derived fats or other non-halal ingredients, making it uncertain without further information.","['antiblooming agent chocolate', 'anti-blooming agent chocolate']"
apple-cider-vinegar,Apple Cider Vinegar,Vinegar made from fermented apple juice.,halal,"Apple cider vinegar is produced through the fermentation of apple juice, which is a natural process. It is considered halal as long as no haram substances are added during production.",['apple cider vinegar']
antifoaming-agent,Antifoaming Agent,A chemical additive that reduces and hinders the formation of foam in industrial process liquids.,uncertain,"The halal status of antifoaming agents depends on their composition. Some may contain animal-derived ingredients or alcohol, making them haram. Without specific information on the ingredients, the ruling is uncertain.","['antifoaming agent', 'anti-foaming agent']"
annatto,Annatto,A natural food coloring derived from the seeds of the achiote tree.,halal,Annatto is a natural plant-based coloring agent and is considered halal.,"['annatto', 'achiote', 'roucou', 'urucum']"
arrowroot-starch,Arrowroot Starch,"A starch obtained from the arrowroot plant, used as a thickening agent in food.",halal,Arrowroot starch is derived from a plant source and does not contain any haram ingredients.,['arrowroot starch']
artificial-cheese-flavor,Artificial Cheese Flavor,A synthetic flavor designed to mimic the taste of cheese.,uncertain,"The halal status depends on the ingredients used in the artificial flavor, particularly whether any animal-derived components or alcohol are used as solvents. Without specific ingredient information, it is uncertain.",['artificial cheese flavor']
argon,Argon,An inert gas used in food packaging to preserve freshness.,halal,Argon is an inert gas and does not react with food. It is used in packaging to prevent oxidation and is considered halal.,['argon']
artificial-chocolate-flavor,Artificial Chocolate Flavor,A synthetic flavor designed to mimic the taste of chocolate.,uncertain,"The halal status depends on the ingredients used in the artificial flavor, particularly whether any alcohol is used as a solvent. Without specific ingredient information, it is uncertain.",['artificial chocolate flavor']
artificial-beef-flavor,Artificial Beef Flavor,A synthetic flavor designed to mimic the taste of beef.,uncertain,"The halal status depends on the ingredients used in the artificial flavor. If the flavor uses any non-halal animal products or alcohol, it would be haram. Without specific ingredient information, it is uncertain.",['artificial beef flavor']
arrowroot-powder,Arrowroot Powder,"A powder obtained from the arrowroot plant, used as a thickening agent in food.",halal,Arrowroot powder is derived from a plant source and does not contain any haram ingredients.,['arrowroot powder']
artificial-color,Artificial Color,Synthetic coloring agents used to enhance the appearance of food.,uncertain,"Some artificial colors are halal, while others may be haram depending on their source and processing. Some may be derived from non-halal animal sources or use alcohol in processing. Without knowing the specific color, the ruling is uncertain.","['artificial color', 'artificial colours', 'food color', 'food colours']"
arrowroot-flour,Arrowroot Flour,"A flour obtained from the arrowroot plant, used as a thickening agent in food.",halal,Arrowroot flour is derived from a plant source and does not contain any haram ingredients.,['arrowroot flour']
artificial-butter-flavor,Artificial Butter Flavor,A synthetic flavor designed to mimic the taste of butter.,uncertain,"The halal status depends on the ingredients used in the artificial flavor, particularly whether any animal-derived components or alcohol are used as solvents. Without specific ingredient information, it is uncertain.",['artificial butter flavor']
artificial-chicken-flavor,Artificial Chicken Flavor,A synthetic flavor designed to mimic the taste of chicken.,uncertain,"The halal status depends on the ingredients used in the artificial flavor. If the flavor uses any non-halal animal products or alcohol, it would be haram. Without specific ingredient information, it is uncertain.",['artificial chicken flavor']
artificial-vanilla,Artificial Vanilla,A synthetic flavoring agent that mimics the taste of natural vanilla.,halal,Artificial vanilla is chemically synthesized and does not contain any animal-derived ingredients or alcohol produced through impermissible processes.,"['artificial vanilla', 'synthetic vanilla flavoring', 'vanilla flavoring (artificial)']"
ascorbic-acid,Ascorbic Acid in Flour,A naturally occurring organic compound with antioxidant properties used in flour.,halal,"Ascorbic acid is typically produced synthetically or derived from plant sources, and is considered halal unless produced using haram substances.",['ascorbic acid in flour']
ascorbyl-stearate,Ascorbyl Stearate,A fat-soluble ester formed from ascorbic acid (vitamin C) and stearic acid. It is used as an antioxidant and preservative in food products.,uncertain,"Stearic acid can be derived from both plant and animal sources. If it is derived from a non-halal animal source, the ingredient would be considered haram. Therefore, without knowing the source, it is uncertain.","['ascorbyl stearate', 'e305']"
ascorbyl-palmitate,Ascorbyl Palmitate,A fat-soluble ester formed from ascorbic acid (vitamin C) and palmitic acid. It is used as an antioxidant and preservative in food products.,uncertain,"Palmitic acid can be derived from both plant and animal sources. If it is derived from a non-halal animal source, the ingredient would be considered haram. Therefore, without knowing the source, it is uncertain.","['ascorbyl palmitate', 'e304']"
artificial-sweetener,Artificial Sweetener,A synthetic sugar substitute used to sweeten foods and beverages without adding significant calories.,halal,Most artificial sweeteners are chemically synthesized and do not contain any animal-derived ingredients or alcohol produced through impermissible processes.,"['artificial sweetener', 'synthetic sweetener']"
aspartame,Aspartame,"An artificial, non-saccharide sweetener used as a sugar substitute in foods and beverages.",halal,Aspartame is a synthetic sweetener produced through a chemical process. The raw materials and the production process do not involve any haram substances.,"['aspartame', 'E951']"
atta,Atta Flour,"A whole wheat flour used to make Indian breads like roti, chapati, and paratha.",halal,"Atta flour is made from whole wheat grains, which are inherently halal. The production process typically involves cleaning and grinding the wheat, without the addition of any non-halal substances.","['atta', 'atta flour', 'whole wheat flour']"
aspartic-acid,Aspartic Acid,An amino acid used in the biosynthesis of proteins.,halal,Aspartic acid is an amino acid and is generally considered halal unless it is derived from a non-halal source or processed using haram substances.,"['aspartic acid', 'aminosuccinic acid']"
azorubine,Azorubine,A synthetic red food dye used in various food products.,uncertain,"Some sources indicate that azorubine may be derived from non-halal animal products or produced using processes that involve haram substances. Due to conflicting information, its halal status is uncertain.","['azorubine', 'azorubine carmoisine', 'carmoisine', 'E122']"
azodicarbonamide,Azodicarbonamide,A chemical additive used as a flour bleaching agent and dough conditioner in the baking industry.,halal,Azodicarbonamide is a synthetic chemical. The raw materials and production process do not involve any haram substances.,"['azodicarbonamide', 'ada', 'E927']"
bamboo-fiber,Bamboo Fiber,"A type of dietary fiber extracted from bamboo plants, used to improve texture and increase fiber content in food products.",halal,Bamboo fiber is derived from a plant source and does not contain any haram ingredients.,['bamboo fiber']
baking-powder,Baking Powder,A dry chemical leavening agent used to increase the volume and lighten the texture of baked goods.,uncertain,"Baking powder is generally halal, but some formulations may contain ingredients like sodium aluminum sulfate or cream of tartar derived from non-halal sources. It is best to check the specific ingredients.",['baking powder']
bajra-flour,Bajra Flour,"Flour made from pearl millet, a type of grain.",halal,Bajra flour is derived from a plant source and does not contain any haram ingredients.,"['bajra flour', 'pearl millet flour']"
bakery-improver,Bakery Improver,"A blend of ingredients used to improve the texture, volume, and shelf life of baked goods.",uncertain,"Bakery improvers can contain various ingredients, some of which may be haram, such as emulsifiers (mono- and diglycerides) or enzymes derived from non-halal sources. It is best to check the specific ingredients.","['bakery improver', 'dough conditioner']"
banana-flour,Banana Flour,"Flour made from green bananas, often used as a gluten-free alternative.",halal,Banana flour is derived from a plant source and does not contain any haram ingredients.,"['banana flour', 'green banana flour']"
barbecue-seasoning,Barbecue Seasoning,A blend of spices and flavorings used to season barbecue dishes.,uncertain,"Barbecue seasoning can contain various ingredients, some of which may be haram, such as natural flavorings derived from non-halal sources or anti-caking agents that may contain animal-derived components. It is best to check the specific ingredients.","['barbecue seasoning', 'bbq seasoning']"
baking-soda,Baking Soda,A chemical compound used as a leavening agent in baking.,halal,Baking soda is a mineral salt and is considered halal.,"['baking soda', 'sodium bicarbonate']"
barley-glucan,Barley Glucan,A soluble fiber derived from barley.,halal,Barley glucan is derived from a plant source and does not contain any haram ingredients.,"['barley glucan', 'beta-glucan from barley']"
barley-flour,Barley Flour,Flour made from barley grains.,halal,Barley flour is derived from a plant source and does not contain any haram ingredients.,['barley flour']
beef-fat,Beef Fat,Fat derived from beef.,uncertain,"The halal status depends on whether the animal was slaughtered according to Islamic guidelines. If the beef is from a halal source, the fat is halal; otherwise, it is haram.","['beef fat', 'beef tallow', 'tallow']"
beef-broth,Beef Broth,A savory liquid made by simmering beef bones and meat in water.,uncertain,"The halal status depends on whether the beef is sourced from animals slaughtered according to Islamic guidelines. If the beef is halal, the broth is halal; otherwise, it is haram.","['beef broth', 'beef stock']"
barley-malt-syrup,Barley Malt Syrup,A sweetener derived from barley.,halal,"Barley malt syrup is derived from barley and does not contain any haram ingredients. However, it should be avoided if used as an intoxicating agent.","['barley malt syrup', 'malt syrup', 'barley syrup']"
basil-seed-gum,Basil Seed Gum,"A natural gum derived from basil seeds, used as a thickening or stabilizing agent in foods.",halal,"Basil seed gum is derived from basil seeds, which are considered halal. It does not contain any haram ingredients.",['basil seed gum']
beef-gelatin,Beef Gelatin,A gelling agent derived from collagen obtained from beef.,uncertain,"The halal status depends on whether the beef is sourced from animals slaughtered according to Islamic guidelines. If the beef is halal, the gelatin is halal; otherwise, it is haram.","['beef gelatin', 'gelatin from beef', 'halal gelatin']"
beeswax,Beeswax,A natural wax produced by honeybees.,halal,Beeswax is a natural substance produced by bees and is considered halal.,"['beeswax', 'E901']"
beet-juice-powder,Beet Juice Powder,Dehydrated beet juice.,halal,Beet juice powder is derived from beets and does not contain any haram ingredients.,"['beet juice powder', 'beetroot powder']"
beef-extract,Beef Extract,A concentrated substance made by extracting the soluble components of beef.,uncertain,"The halal status depends on whether the beef is sourced from animals slaughtered according to Islamic guidelines. If the beef is halal, the extract is halal; otherwise, it is haram.","['beef extract', 'beef essence']"
besan,Besan,"Flour made from ground chickpeas, used in various culinary applications.",halal,"Besan is made from chickpeas, which are inherently halal. The production process typically does not involve any haram substances.","['besan', 'gram flour', 'chickpea flour']"
bentonite,Bentonite,An absorbent aluminium phyllosilicate clay.,halal,Bentonite is a naturally occurring clay and is considered halal as it does not contain any haram substances.,"['bentonite', 'montmorillonite']"
beetroot-red-betanin,Beetroot Red (Betanin),A red food dye obtained from beets.,halal,"Beetroot red (betanin) is a natural pigment extracted from beetroot, which is considered halal.","['beetroot red betanin', 'betanin', 'beetroot red', 'E162']"
beta-carotene,Beta Carotene,"A red-orange pigment found in plants and fruits, especially carrots.",halal,"Beta-carotene is derived from plant sources and is halal. It can also be produced synthetically, but the synthetic process does not involve any haram substances.","['beta carotene', 'β-carotene', 'provitamin A', 'E160a']"
beet-sugar,Beet Sugar,Sugar produced from sugar beets.,halal,Beet sugar is derived from sugar beets and the production process does not involve any haram substances.,"['beet sugar', 'sugar beet', 'beetroot sugar']"
beetroot-flour,Beetroot Flour,Flour made from dehydrated beets.,halal,"Beetroot flour is made from beets, which are inherently halal. The production process typically does not involve any haram substances.","['beetroot flour', 'beet flour']"
beta-apo-8-carotenal,Beta-Apo-8'-Carotenal,A carotenoid food coloring.,halal,Beta-Apo-8'-Carotenal is a carotenoid and its production does not involve any haram substances.,"['betaapo8carotenal', ""beta-apo-8'-carotenal"", 'E160e']"
black-rice-flour,Black Rice Flour,Flour made from ground black rice.,halal,Black rice flour is derived from a naturally halal source (black rice) and does not involve any haram processing or additives.,"['black rice flour', 'black rice powder']"
bht,Butylated Hydroxytoluene,A synthetic antioxidant used as a food preservative.,uncertain,"BHT is synthetically produced and generally considered halal unless produced using haram ingredients or processes. Without specific information on the source and production, it is best to consider it uncertain.","['bht', 'butylated hydroxytoluene', 'e321']"
black-salt,Black Salt,A type of unrefined salt.,halal,Black salt is a type of mineral salt and is considered halal unless contaminated with haram substances.,"['black salt', 'kala namak', 'indian black salt']"
binding-agent,Binding Agent,A substance used to hold or draw other materials together to form a cohesive whole.,uncertain,"The halal status depends on the source and composition of the binding agent. Some binding agents are plant-based (halal), while others may be animal-derived (uncertain, depending on the animal and slaughtering method).","['binding agent', 'binder']"
beverages-sweeteners,Beverages Sweeteners,Substances used to add sweetness to beverages.,uncertain,"The halal status depends on the source and type of sweetener used. Common sweeteners like sugar, stevia, and corn syrup are halal, but others may be uncertain due to processing or additives.","['beverages sweeteners', 'beverage sweetener']"
betacyclodextrin,Betacyclodextrin,"A cyclic oligosaccharide used as a food additive to encapsulate and stabilize flavors, fragrances, and other ingredients.",halal,"Betacyclodextrin is typically produced from starch through enzymatic conversion, which is considered halal unless the enzymes used are derived from haram sources.","['betacyclodextrin', 'beta-cyclodextrin', 'β-cyclodextrin']"
bha,Butylated Hydroxyanisole,An antioxidant food additive.,uncertain,"BHA is a synthetic antioxidant. The halal status depends on the ingredients and processes used in its production. Without specific information, it is best to consider it uncertain.","['bha', 'butylated hydroxyanisole', 'e320']"
bonito-flakes,Bonito Flakes,"Dried, fermented, and smoked skipjack tuna flakes used in Japanese cuisine.",halal,"Bonito flakes are derived from fish, and seafood is considered halal.","['bonito flakes', 'katsuobushi']"
blue-corn-flour,Blue Corn Flour,"Flour made from ground blue corn, used in various food products.",halal,Blue corn flour is derived from a plant source and does not contain any haram ingredients.,"['blue corn flour', 'blue cornmeal']"
bone-meal,Bone Meal,"A mixture of finely ground animal bones and waste products from meat processing plants, used as a fertilizer and animal feed supplement.",uncertain,"The halal status depends on the source animal and the method of slaughter. If the animal was not halal-slaughtered, it is considered haram. If it is confirmed that the source is halal, then it is halal.","['bone meal', 'bone flour']"
blue-cheese-powder,Blue Cheese Powder,"Dehydrated blue cheese, used as a flavoring agent.",uncertain,"The halal status depends on the enzymes used in the cheese-making process. If animal-derived enzymes are used, the animal must be halal-slaughtered for the cheese to be halal.",['blue cheese powder']
blue-2,Blue 2,A synthetic food coloring also known as indigotine.,halal,Synthetic food colorings are generally considered halal unless they contain haram ingredients during production.,"['blue 2', 'indigotine', 'E132']"
blue-1,Blue 1,A synthetic food coloring also known as brilliant blue FCF.,halal,Synthetic food colorings are generally considered halal unless they contain haram ingredients during production.,"['blue 1', 'brilliant blue fcf', 'E133']"
boric-acid,Boric Acid,"A chemical compound used as an antiseptic, insecticide, flame retardant, and a precursor to other chemical compounds. It is not typically used as a direct food ingredient.",uncertain,"Boric acid is not typically used in food. If it is used, the ruling would depend on the specific application and any potential contaminants. Further investigation is needed to determine its halal status in a specific food product.",['boric acid']
blood-plasma,Blood Plasma,"The liquid component of blood, used in some food products as a protein source or binding agent.",haram,Blood and its derivatives are considered haram in Islam.,"['blood plasma', 'plasma protein']"
bone-phosphate,Bone Phosphate,"A calcium phosphate derived from animal bones, used as a source of calcium and phosphorus in some food products.",uncertain,"The halal status depends on the source animal and the method of slaughter. If the animal was not halal-slaughtered, it is considered haram. If it is confirmed that the source is halal, then it is halal.","['bone phosphate', 'calcium phosphate (bone derived)']"
brilliant-black-pn,Brilliant Black PN,A synthetic black food coloring.,uncertain,The halal status of synthetic food colorings like Brilliant Black PN (E151) is uncertain due to potential non-halal processing aids or ingredients used in its manufacture. Further investigation into the specific manufacturing process is needed to determine its halal status.,"['brilliant black pn', 'e151', 'black pn', 'food black 1', 'ci food black 1', 'c.i. 28440']"
bromelain,Bromelain,"A group of enzymes extracted from the stems, fruit, and juice of the pineapple plant.",halal,"Bromelain is derived from pineapple, which is a plant source. Enzymes from plant sources are generally considered halal unless processed with haram substances.",['bromelain']
bovine-gelatin,Bovine Gelatin,Gelatin derived from bovine (cattle) sources.,uncertain,"The halal status of bovine gelatin depends on whether the animal was slaughtered according to Islamic guidelines. If the cattle were slaughtered according to Islamic guidelines, then the gelatin is halal. Otherwise, it is haram.","['bovine gelatin', 'gelatin from cattle', 'beef gelatin']"
brazzein,Brazzein,A low-calorie sweetener protein extracted from the West African fruit of the climbing plant Pentadiplandra brazzeana.,halal,Brazzein is a protein derived from a plant source. Plant-derived ingredients are generally considered halal unless processed with haram substances.,['brazzein']
breadfruit-flour,Breadfruit Flour,Flour made from dried and ground breadfruit.,halal,"Breadfruit flour is derived from breadfruit, which is a plant source. Plant-derived ingredients are generally considered halal unless processed with haram substances.",['breadfruit flour']
bubblegum-flavor,Bubblegum Flavor,Artificial or natural flavor designed to mimic the taste of bubblegum.,uncertain,"The halal status depends on the ingredients and production methods used to create the flavor. If the flavor contains alcohol or is extracted using non-halal processes, it would be considered haram. Without specific information on the source and processing, it is uncertain.","['bubblegum flavor', 'bubble gum flavor']"
brown-rice-flour,Brown Rice Flour,Flour made from ground brown rice.,halal,"Brown rice flour is derived from brown rice, which is inherently halal. The milling process does not introduce any haram substances.",['brown rice flour']
brown-ht,Brown HT,A synthetic brown food coloring.,uncertain,"The halal status of Brown HT depends on the manufacturing process and the substances used in it. Some synthetic food colorings may use animal-derived products or alcohol in their production. Without detailed information, its halal status is uncertain.","['brown ht', 'e155', 'food brown 3', 'chocolate brown ht']"
bulking-sweetener,Bulking Sweetener,A type of sweetener used to add volume and sweetness to food products.,uncertain,"The halal status depends on the specific type of sweetener used as a bulking agent. Some sweeteners are halal, while others may be processed using haram substances or derived from non-halal sources.",['bulking sweetener']
brown-rice-syrup,Brown Rice Syrup,A sweetener derived from brown rice.,halal,"Brown rice syrup is made from brown rice, which is halal. The process of converting rice starch into syrup does not typically involve any haram substances.","['brown rice syrup', 'rice syrup']"
butane,Butane,A flammable hydrocarbon gas.,uncertain,"Butane itself is not typically ingested as a food ingredient. However, if it is used as a propellant or in the processing of food, the halal status would depend on whether it comes into direct contact with the food and whether it introduces any impurities. If it's used as a propellant and doesn't contaminate the food, it is permissible. Otherwise, it is uncertain.",['butane']
brown-sugar,Brown Sugar,"A type of sugar with molasses content, giving it a brown color and distinctive flavor.",halal,Brown sugar is typically made from refined white sugar with the addition of molasses. Both sugar and molasses are considered halal.,['brown sugar']
bulking-agent,Bulking Agent,A substance added to food to increase its volume or weight without significantly affecting its nutritional value.,uncertain,"The halal status depends on the source and nature of the bulking agent. Some bulking agents are halal (e.g., cellulose from plant sources), while others may be of animal origin or processed using haram substances.","['bulking agent', 'bulking agents']"
butterfat,Butterfat,"The naturally occurring fat in milk, which gives butter its rich flavor and texture.",halal,"Butterfat is derived from milk, which is considered halal. The process of separating the fat from the milk does not introduce any haram substances.","['butterfat', 'milkfat', 'anhydrous milkfat', 'clarified butter']"
buttermilk-powder,Buttermilk Powder,"A dried form of buttermilk, often used in baking and as a flavoring agent.",halal,Buttermilk is a byproduct of butter production and is considered halal. The drying process does not introduce any haram substances.,"['buttermilk powder', 'dried buttermilk', 'buttermilk solids']"
butterscotch-flavor,Butterscotch Flavor,"A flavoring that mimics the taste of butterscotch candy, often used in desserts and baked goods.",uncertain,"The halal status depends on the ingredients used to create the flavor. If the flavor contains alcohol or non-halal animal products, it would be haram. Otherwise, it is halal.","['butterscotch flavor', 'butterscotch flavour', 'artificial butterscotch flavor', 'natural butterscotch flavor']"
cactus-flour,Cactus Flour,"Flour made from dried and ground cactus, used in some traditional cuisines.",halal,Cactus is a plant-based ingredient and is considered halal. The process of making flour from cactus does not introduce any haram substances.,"['cactus flour', 'nopal flour', 'cactus powder']"
calcium-benzoate,Calcium Benzoate,A preservative used in food products.,halal,"Calcium benzoate is a salt of benzoic acid and calcium. Benzoic acid is commonly synthesized, and calcium is a mineral. Therefore, it is halal.","['calcium benzoate', 'E213']"
calcium-caseinate,Calcium Caseinate,"A protein derived from milk, used in various food products.",uncertain,"Casein is a protein derived from milk. If the enzymes used in the production of calcium caseinate are from non-halal animal sources, it would be haram. Otherwise, it is halal.",['calcium caseinate']
cake-flour,Cake Flour,"A finely milled flour made from soft wheat, used for baking cakes and pastries.",halal,Flour is halal as it is derived from wheat.,['cake flour']
calcium-ascorbate,Calcium Ascorbate,"A form of vitamin C (ascorbic acid) combined with calcium, used as a food additive and antioxidant.",halal,"Calcium ascorbate is a salt of ascorbic acid (vitamin C) and calcium. Ascorbic acid can be derived from plant-based sources or produced synthetically, and calcium is a mineral. Therefore, it is halal.","['calcium ascorbate', 'E302']"
calcium-acid-pyrophosphate,Calcium Acid Pyrophosphate,A leavening agent used in baking.,halal,Calcium acid pyrophosphate is a mineral salt and is considered halal.,"['calcium acid pyrophosphate', 'E450(a)']"
calcium-hydrogen-sulphite,Calcium Hydrogen Sulphite,A calcium salt of sulphurous acid used as a preservative.,halal,Calcium hydrogen sulphite is generally considered halal as it is a chemical compound and its production does not involve any haram substances.,"['calcium hydrogen sulphite', 'calcium bisulfite', 'calcium bisulphite']"
calcium-guanylate,Calcium Guanylate,A flavor enhancer.,halal,Calcium guanylate is generally considered halal as it is a salt of guanylic acid and its production does not involve any haram substances.,"['calcium guanylate', 'e629']"
calcium-disodium-edta,Calcium Disodium EDTA,A chelating agent and preservative.,halal,Calcium disodium EDTA is considered halal as it is synthetically produced and does not contain any haram substances.,"['calcium disodium edta', 'e385']"
calcium-chloride,Calcium Chloride,"A salt of calcium and chlorine, used in food processing as a firming agent and flavor enhancer.",halal,Calcium chloride is generally considered halal as it is an inorganic salt and its production does not involve any haram substances.,"['calcium chloride', 'e509']"
calcium-cyclamate,Calcium Cyclamate,An artificial sweetener.,uncertain,"There are conflicting opinions regarding the halal status of artificial sweeteners. Some scholars consider them halal as they are synthetically produced, while others are cautious due to potential health concerns or the use of non-halal processing aids in their manufacture.","['calcium cyclamate', 'e952']"
calcium-stearoyl-fumarate,Calcium Stearoyl Fumarate,A dough strengthener and conditioning agent used in baked goods.,uncertain,"Stearic acid, a component of calcium stearoyl fumarate, can be derived from both plant and animal sources. If it is derived from non-halal animal sources, it would be considered haram.",['calcium stearoyl fumarate']
calcium-peroxide,Calcium Peroxide,An inorganic peroxide used as a food preservative and dough conditioner.,halal,Calcium peroxide is generally considered halal as it is a chemical compound and its production does not involve any haram substances.,['calcium peroxide']
calcium-propionate,Calcium Propionate,A preservative used in bread and other baked goods to prevent mold and bacterial growth.,halal,"Calcium propionate is a salt of propionic acid, which can be produced synthetically or through bacterial fermentation. The ingredients and processes involved are halal-compliant.","['calcium propionate', 'E282']"
calcium-silicate,Calcium Silicate,An anti-caking agent used in various food products.,halal,Calcium silicate is generally considered halal as it is a mineral-based compound and its production does not involve any haram substances.,"['calcium silicate', 'E552']"
candelilla-wax,Candelilla Wax,"A wax derived from the leaves of the Candelilla shrub, used as a vegan alternative to beeswax.",halal,Candelilla wax is derived from a plant source and does not contain any haram substances.,"['candelilla wax', 'candelilla cera', 'e902']"
cane-sugar,Cane Sugar,Sugar derived from sugar cane.,halal,"Cane sugar is typically halal as it is a plant-derived product that does not contain any haram substances. However, the use of bone char in the refining process is a concern, but it is often removed.","['cane sugar', 'sugar cane', 'sucrose']"
canola-oil,Canola Oil,Vegetable oil derived from rapeseed.,halal,Canola oil is plant-derived and considered halal unless cross-contaminated with haram substances during processing or storage.,"['canola oil', 'rapeseed oil', 'e322']"
carbon-dioxide,Carbon Dioxide,A colorless and odorless gas used in the carbonation of beverages and as a food preservative.,halal,Carbon dioxide is a naturally occurring gas and is permissible for consumption.,"['carbon dioxide', 'co2']"
canthaxanthin,Canthaxanthin,"A carotenoid pigment used as a food coloring agent, providing a reddish-orange hue.",halal,"Canthaxanthin is generally considered halal as it is synthetically produced or derived from microbial sources, without the use of haram substances.","['canthaxanthin', 'e161g']"
carbon-black-hydrocarbon,Carbon Black Hydrocarbon,A pigment used as a black coloring agent in various applications.,uncertain,The halal status of carbon black hydrocarbon is uncertain due to potential variations in manufacturing processes and source materials. Further investigation into the specific source and production method is necessary to determine its permissibility.,"['carbon black hydrocarbon', 'carbon black']"
caramel-coating,Caramel Coating,"A sweet coating made from caramelized sugar, often used to add flavor and color to food products.",halal,"Caramel coating is typically halal, as it is primarily made from sugar. However, it is essential to ensure that no haram additives, such as alcohol-based flavorings, are used in its production.",['caramel coating']
capsicum-extract,Capsicum Extract,"An extract derived from chili peppers, used to add heat and flavor to food products.",halal,Capsicum extract is considered halal as it is derived from chili peppers and does not contain any haram substances.,"['capsicum extract', 'chili extract']"
capsanthin,Capsanthin,"A red pigment found in chili peppers, used as a food coloring agent.",halal,Capsanthin is a natural pigment extracted from chili peppers and is considered halal.,"['capsanthin', 'e160c']"
carbamide-urea,Carbamide Urea,A nitrogen-containing compound used in various applications.,uncertain,The halal status of carbamide urea is uncertain due to its potential use in non-food applications and variations in manufacturing processes. Further investigation is needed to determine its permissibility in food products.,"['carbamide urea', 'urea']"
caramel-flavor,Caramel Flavor,A flavoring agent that imparts the taste of caramel to food products.,uncertain,The halal status of caramel flavor is uncertain because it may contain alcohol or other non-halal ingredients as solvents or carriers. It is necessary to verify the source and composition of the flavor to ensure it is halal-compliant.,"['caramel flavor', 'artificial caramel flavor', 'natural caramel flavor']"
caramel-plain,Plain Caramel,"A food coloring made by heating carbohydrates, generally sugars.",halal,"Plain caramel is generally considered halal as it is made from heating sugar. However, the halal status can be affected by additives used during the manufacturing process. If only halal ingredients are used, it is halal.","['caramel plain', 'caramel color', 'e150a']"
carob-flour,Carob Flour,"Flour made from the pods of the carob tree, used as a chocolate substitute.",halal,"Carob flour is derived from the carob tree, and is considered halal as it is plant-based and does not contain any haram ingredients.",['carob flour']
carboxymethylcellulose,Carboxymethylcellulose,"A cellulose derivative used as a thickener, stabilizer, and emulsifier in food products.",halal,Carboxymethylcellulose is a cellulose derivative and is generally considered halal unless produced with haram substances.,"['carboxymethylcellulose', 'carboxy-methyl-cellulose', 'carboxymethyl cellulose', 'CMC', 'E466']"
carnauba-wax,Carnauba Wax,"A wax obtained from the leaves of the carnauba palm, used as a glazing agent and coating in food products.",halal,Carnauba wax is derived from plant sources and is considered halal.,"['carnauba wax', 'E903']"
carrageenan,Carrageenan,"A polysaccharide extracted from red seaweed, used as a thickening and stabilizing agent in food products.",halal,Carrageenan is derived from seaweed and is considered halal.,"['carrageenan', 'E407']"
carob-gum,Carob Gum,"A natural gum extracted from carob seeds, used as a thickening and stabilizing agent.",halal,Carob gum is derived from carob seeds and is considered halal as it is plant-based and does not contain any haram ingredients.,['carob gum']
caustic-sulphite-caramel,Caustic Sulphite Caramel,A food coloring produced by heating carbohydrates with sulfite compounds.,halal,The ingredients and process used to create caustic sulphite caramel are halal. The use of sulfite compounds does not render it haram.,"['caustic sulphite caramel', 'caustic sulfite caramel', 'E150b']"
cbr,CBR,No specific information available for 'CBR' as a food ingredient.,uncertain,"Lacking sufficient information to determine halal status. 'CBR' is an abbreviation that could refer to various compounds or ingredients, and without further context, a definitive ruling cannot be provided.",['cbr']
cassava-starch,Cassava Starch,"A starch extracted from the cassava root, used as a thickening agent and stabilizer in food products.",halal,Cassava starch is derived from a plant source and does not contain any haram ingredients.,"['cassava starch', 'tapioca starch', 'cassava flour']"
cbs,CBS,Could refer to Cocoa Butter Substitute or other compounds. More context is needed.,uncertain,"The halal status of 'CBS' depends on its specific composition and source. Without further information, it's uncertain.",['cbs']
casein-protein,Casein Protein,"The main protein found in milk, used in various food products for its nutritional and functional properties.",halal,"Casein protein is halal as long as it is derived from a halal source (e.g., milk from halal animals) and processed without any haram substances.","['casein protein', 'casein', 'milk protein']"
cassava-flour,Cassava Flour,"Flour made from the whole cassava root, used in baking and cooking.",halal,Cassava flour is derived from a plant source and does not contain any haram ingredients.,['cassava flour']
casein,Casein,"The main protein found in milk, used in various food products for its nutritional and functional properties.",halal,"Casein is halal as long as it is derived from a halal source (e.g., milk from halal animals) and processed without any haram substances.","['casein', 'milk protein']"
chestnut-flour,Chestnut Flour,Flour made from ground chestnuts.,halal,"Chestnut flour is derived from chestnuts, which are a plant-based source and considered halal.","['chestnut flour', 'flour of chestnut']"
cheddar-powder,Cheddar Powder,"Dehydrated cheddar cheese in powdered form, often used as a flavoring.",uncertain,"The halal status depends on the source of the cheese and the enzymes used in its production. If the cheese is made with animal rennet or from non-halal slaughtered animals, it is considered haram. Otherwise, it is halal.","['cheddar powder', 'powdered cheddar cheese']"
chicken-broth,Chicken Broth,A savory liquid made by simmering chicken meat and bones in water with vegetables and seasonings.,uncertain,"The halal status depends on whether the chicken was slaughtered according to Islamic guidelines. If the chicken is not halal-slaughtered, the broth is considered haram.","['chicken broth', 'chicken stock']"
cellulose-fiber,Cellulose Fiber,"A dietary fiber derived from plant cell walls, often used as a food additive.",halal,Cellulose fiber is derived from plant sources and is generally considered halal.,"['cellulose fiber', 'cellulose', 'plant fiber', 'E460']"
chicory-root-fiber,Chicory Root Fiber,"A soluble fiber extracted from the chicory root plant, often used as a prebiotic and sweetener in food products.",halal,Chicory root fiber is derived from a plant source and does not contain any haram substances.,"['chicory root fiber', 'chicory root fibre', 'inulin', 'chicory inulin']"
chitosan,Chitosan,"A sugar obtained from the outer skeleton of shellfish, including crab, lobster, and shrimp.",uncertain,"Although some scholars consider seafood halal, there are differing opinions on whether the processing and extraction methods of chitosan are permissible. Due to these differing opinions, it is best to consider it uncertain.",['chitosan']
chlorine-gas,Chlorine Gas,A chemical used for disinfecting water and bleaching.,uncertain,"Chlorine gas itself is not intended for consumption. However, if it is used in the processing of food, the ruling depends on whether it leaves harmful residues or alters the food in a way that makes it haram. If the final product does not contain harmful levels of chlorine and is otherwise halal, it is permissible.",['chlorine gas']
chili-powder,Chili Powder,"A spice blend consisting primarily of ground chili peppers, often mixed with other spices such as cumin, garlic powder, and oregano.",halal,"Chili powder is typically a blend of spices that are halal in their origin. However, it is essential to ensure that no haram ingredients (such as non-halal animal derivatives) are added during processing or packaging.","['chili powder', 'chilli powder', 'chile powder']"
chicory-root-extract,Chicory Root Extract,"An extract from the chicory root, used as a flavoring agent or coffee substitute.",halal,Chicory root extract is derived from a plant source and does not contain any haram substances.,"['chicory root extract', 'chicory extract']"
chicken-fat,Chicken Fat,"Fat rendered from chickens, used in cooking and food production.",uncertain,"Chicken fat is halal only if the chicken was slaughtered according to Islamic guidelines. Otherwise, it is considered haram.","['chicken fat', 'rendered chicken fat']"
chlorophyllin,Chlorophyllin,"A water-soluble derivative of chlorophyll, used as a food coloring and dietary supplement.",halal,"Chlorophyllin is derived from chlorophyll, a natural pigment found in plants. As long as it is extracted using halal methods and does not contain any haram additives, it is considered halal.","['chlorophyllin', 'chlorophyllin copper complex', 'sodium copper chlorophyllin']"
cholecalciferol,Cholecalciferol,A form of vitamin D (vitamin D3) that is essential for calcium absorption and bone health. It is often derived from animal sources or produced synthetically.,uncertain,"Cholecalciferol (Vitamin D3) is often derived from lanolin (sheep's wool) or fish oil. If it's from sheep, it must be confirmed that the animal was slaughtered according to Islamic guidelines. If it is synthetically produced or derived from plant/halal fish sources, it is halal.","['cholecalciferol', 'vitamin d3', 'd3']"
chromium-picolinate,Chromium Picolinate,A mineral supplement used to improve insulin sensitivity and regulate blood sugar levels.,halal,"Chromium picolinate is a chemical compound of chromium and picolinic acid. Since neither component is inherently haram, it is considered halal unless produced with haram additives.",['chromium picolinate']
chocolate-liquor,Chocolate Liquor,"The pure form of chocolate in solid or semi-solid form, produced by grinding cocoa beans.",halal,Chocolate liquor is essentially unsweetened chocolate. It is halal as long as no haram ingredients like alcohol or non-halal animal products are added during processing.,"['chocolate liquor', 'cocoa liquor', 'unsweetened chocolate']"
chlorophyll,Chlorophyll,A green pigment found in plants that absorbs light to facilitate photosynthesis.,halal,Chlorophyll is a natural pigment extracted from plants. It is considered halal as long as the extraction process and any additives used are also halal.,"['chlorophyll', 'natural green color']"
chromium-chloride,Chromium Chloride,An inorganic compound used as a source of chromium in dietary supplements.,halal,Chromium chloride is an inorganic compound and is considered halal unless it is produced using haram substances or contaminated with haram ingredients.,['chromium chloride']
chymotrypsin,Chymotrypsin,A digestive enzyme that breaks down proteins in the small intestine.,uncertain,"Chymotrypsin is an enzyme that can be derived from animal sources (typically from the pancreas of animals). If derived from non-halal animals or not processed according to Islamic guidelines, it would be considered haram. Without knowing the source, it is uncertain.",['chymotrypsin']
chloropentafluoroethane,Chloropentafluoroethane,A chlorofluorocarbon (CFC) used as a refrigerant.,halal,Chloropentafluoroethane is a synthetic chemical compound. It is considered halal unless it is produced using haram substances or contaminated with haram ingredients.,"['chloropentafluoroethane', 'r-115', 'cclF2CF3']"
citrus-extract,Citrus Extract,"A substance extracted from citrus fruits, used for flavoring or as a natural preservative.",halal,"Citrus extract is derived from citrus fruits, which are considered halal. The extraction process typically does not involve any haram substances.","['citrus extract', 'extract of citrus']"
cochineal,Cochineal,A natural red dye derived from the cochineal insect.,uncertain,"There is scholarly disagreement regarding the permissibility of insects. Some consider them haram, while others permit their consumption or use if they are processed and do not pose a health risk.","['cochineal', 'carmine', 'E120', 'natural red 4', 'cochineal extract']"
coating-agent,Coating Agent,A substance used to form a protective or decorative layer on the surface of a product.,uncertain,"The ruling depends on the source and composition of the coating agent. If it is derived from halal sources (e.g., vegetable-based waxes) it is halal. If it contains haram substances (e.g., gelatin from non-halal animals), it is haram. Without specific information, the ruling is uncertain.","['coating agent', 'glazing agent']"
citric-acid-oil-stabilizer,Citric Acid Oil Stabilizer,A stabilizer containing citric acid used in oils to prevent rancidity and maintain quality.,halal,"Citric acid is typically produced through the fermentation of sugars and is considered halal. As a stabilizer, it does not contain any haram substances.",['citric acid oil stabilizer']
cocoa-powder,Cocoa Powder,"Cocoa powder is the dry solid remains of ground, fermented cocoa beans, from which the cocoa butter has been removed.",halal,Cocoa powder is derived from cocoa beans and does not contain any haram ingredients.,['cocoa powder']
cocoa-butter-substitute,Cocoa Butter Substitute,Vegetable fats that have similar physical properties to cocoa butter.,uncertain,"The halal status depends on the source and processing of the vegetable fats used. If the fats are derived from halal sources and processed without any haram substances, it is halal. Otherwise, it is uncertain.",['cocoa butter substitute']
cocoa-mass,Cocoa Mass,"Also known as cocoa liquor, it is pure ground cocoa beans in solid or semi-solid form.",halal,Cocoa mass is derived from cocoa beans and does not contain any haram ingredients.,"['cocoa mass', 'cocoa liquor', 'cacao mass']"
cocoa-butter-replacer,Cocoa Butter Replacer,Vegetable fats that can replace cocoa butter in chocolate and confectionery.,uncertain,"The halal status depends on the source and processing of the vegetable fats used. If the fats are derived from halal sources and processed without any haram substances, it is halal. Otherwise, it is uncertain.",['cocoa butter replacer']
cocoa-butter-equivalent,Cocoa Butter Equivalent,"Vegetable fats with a composition similar to cocoa butter, allowing them to be mixed with it in chocolate production.",uncertain,"The halal status depends on the source and processing of the vegetable fats used. If the fats are derived from halal sources and processed without any haram substances, it is halal. Otherwise, it is uncertain.",['cocoa butter equivalent']
cocoa-paste,Cocoa Paste,A paste made from ground cocoa solids and cocoa butter.,halal,Cocoa paste is derived from cocoa beans and does not contain any haram ingredients.,['cocoa paste']
coconut-flour,Coconut Flour,A flour produced from dried coconut meat.,halal,Coconut flour is derived from coconut and does not contain any haram ingredients.,['coconut flour']
cocoa-butter,Cocoa Butter,The fat extracted from cocoa beans.,halal,Cocoa butter is derived from cocoa beans and does not contain any haram ingredients.,['cocoa butter']
cocoyam-tannia-flour,Cocoyam Tannia Flour,"Flour made from cocoyam tannia, a starchy root vegetable.",halal,Cocoyam tannia flour is derived from a plant source and does not contain any haram ingredients.,"['cocoyam tannia flour', 'tannia flour', 'cocoyam flour']"
collagen,Collagen,"A protein found in animal tissues, used in supplements and food products.",uncertain,"Collagen can be derived from halal (e.g., halal-slaughtered bovine or fish) or haram sources (e.g., porcine or non-halal-slaughtered animals). Without knowing the source, it is uncertain.","['collagen', 'hydrolyzed collagen']"
collagen-peptides,Collagen Peptides,"Hydrolyzed form of collagen, used in supplements and food products.",uncertain,"Collagen peptides are derived from collagen, which can be sourced from halal (e.g., halal-slaughtered bovine or fish) or haram sources (e.g., porcine or non-halal-slaughtered animals). Without knowing the source, it is uncertain.","['collagen peptides', 'hydrolyzed collagen peptides']"
cod-liver-oil,Cod Liver Oil,"Oil extracted from cod livers, rich in omega-3 fatty acids and vitamins.",halal,"Cod liver oil is derived from fish, which is considered halal.","['cod liver oil', 'fish oil']"
coconut-sugar,Coconut Sugar,A sweetener derived from the sap of coconut palm trees.,halal,Coconut sugar is derived from a plant source and does not contain any haram ingredients.,"['coconut sugar', 'coconut palm sugar']"
cocoyam-flour,Cocoyam Flour,"Flour made from cocoyam, a starchy root vegetable.",halal,Cocoyam flour is derived from a plant source and does not contain any haram ingredients.,['cocoyam flour']
coffee-extract,Coffee Extract,"Concentrated form of coffee, used for flavoring.",halal,Coffee extract is derived from coffee beans and does not contain any haram ingredients.,['coffee extract']
coffee-flour,Coffee Flour,Flour made from coffee fruit pulp.,halal,Coffee flour is derived from coffee fruit pulp and does not contain any haram ingredients.,['coffee flour made from coffee fruit pulp']
coconut-oil,Coconut Oil,Oil extracted from the kernel or meat of mature coconuts.,halal,Coconut oil is derived from a plant source and does not contain any haram ingredients.,['coconut oil']
copper-sulfate,Copper Sulfate,"An inorganic salt used as a fungicide, algaecide, and in some dietary supplements. It can also be used as a mordant in dyeing and in the production of other copper compounds.",halal,"Copper sulfate is a mineral salt and does not contain any animal derivatives or prohibited substances, thus it is considered halal.","['copper sulphates', 'copperii sulfate', 'copper sulphate', 'copper sulfate']"
coloring,Coloring,A food additive used to impart color to food or drink. Colorings can be natural or artificial.,uncertain,"The ruling depends on the source and composition of the coloring. Some colorings are halal, while others may contain haram ingredients (e.g., gelatin, carmine from insects). Without knowing the specific type and source, it is uncertain.","['coloring', 'food coloring', 'colouring', 'food colourings']"
condiment-mix,Condiment Mix,"A blend of spices, herbs, and other ingredients used to flavor food.",uncertain,"The halal status depends on the ingredients used in the mix. It is necessary to ensure that all components are halal, with no haram additives or cross-contamination.","['condiment mix', 'seasoning mix']"
confectioners-glaze,Confectioners Glaze,A resinous glaze applied to confectionery to provide a glossy coating.,uncertain,"Confectioner's glaze often contains shellac, which is derived from insects. Some Islamic scholars consider shellac and similar insect-derived products permissible, while others do not. Therefore, its halal status is uncertain.","['confectioners glaze', ""confectioner's glaze"", 'shellac', 'resin glaze', 'E904']"
condensed-milk,Condensed Milk,"Cow's milk from which water has been removed. It is most often found with sugar added, in the form of sweetened condensed milk (SCM), to the point that the terms 'condensed milk' and 'sweetened condensed milk' are often used interchangeably today.",halal,"Condensed milk is typically made from milk and sugar. As long as the milk is sourced from halal animals and no haram additives are included during processing, it is considered halal.","['condensed milk', 'sweetened condensed milk']"
corn-oil,Corn Oil,Vegetable oil extracted from corn kernels.,halal,Corn oil is derived from a plant source and does not contain any haram ingredients.,"['corn-oil', 'maize oil']"
corn-starch,Corn Starch,A starch derived from corn.,halal,Corn starch is derived from a plant source and does not contain any haram ingredients.,"['corn-starch', 'cornstarch', 'maize starch']"
cotton-candy-flavor,Cotton Candy Flavor,Artificial or natural flavoring that replicates the taste of cotton candy.,uncertain,"The halal status depends on the ingredients used in the flavoring. If the flavoring contains alcohol or extracts from non-halal animal sources, it is haram. Otherwise, it is halal.","['cotton-candy-flavor', 'cotton candy flavour', 'artificial cotton candy flavor', 'natural cotton candy flavor']"
corn-syrup-solids,Corn Syrup Solids,Dried corn syrup.,halal,Corn syrup solids are derived from corn and do not contain any haram ingredients.,"['corn-syrup-solids', 'corn syrup solids']"
cottonseed-oil,Cottonseed Oil,Vegetable oil extracted from the seeds of cotton plants.,halal,Cottonseed oil is derived from a plant source and does not contain any haram ingredients.,"['cottonseed-oil', 'cotton seed oil']"
corn-syrup,Corn Syrup,A syrup made from the hydrolysis of corn starch.,halal,Corn syrup is derived from corn and does not contain any haram ingredients.,"['corn-syrup', 'corn syrup']"
cream-powder,Cream Powder,"A dehydrated form of cream, often used in instant products and baking.",uncertain,"The halal status depends on the source of the cream and any additives used in the powdering process. If the cream is derived from halal-slaughtered animals and the additives are halal, it is permissible. Otherwise, it is uncertain.","['cream powder', 'powdered cream']"
cryptoxanthin,Cryptoxanthin,"A natural carotenoid pigment found in various plants and fruits, used as a food coloring agent.",halal,Cryptoxanthin is typically extracted from plant sources and is considered halal unless the extraction process involves haram substances.,"['cryptoxanthin', 'E161c']"
crab-extract,Crab Extract,"A concentrated flavoring derived from crab, used to impart a seafood taste to dishes.",uncertain,"While seafood is generally considered halal, some schools of Islamic thought have differing opinions on the permissibility of crab. Therefore, it is best to consider it uncertain.","['crab extract', 'crab flavoring']"
culture,Culture,"Microorganisms (bacteria, yeast, or molds) grown in a medium to produce various food products like yogurt, cheese, and fermented foods.",halal,Cultures used in food production are generally considered halal if the growth medium and the microorganisms themselves are free from haram substances.,"['culture', 'starter culture', 'bacterial culture']"
cream-of-tartar,Cream of Tartar,"A byproduct of wine production, used as a leavening agent and stabilizer in baking.",halal,"Cream of tartar is a natural acid salt and a byproduct of winemaking. Since it is purified and does not contain alcohol, it is considered halal.","['cream of tartar', 'potassium bitartrate', 'potassium hydrogen tartrate']"
csl,Corn Steep Liquor,"A byproduct of corn wet-milling, used as a nutrient source in fermentation processes.",halal,CSL is derived from corn and is generally considered halal unless the fermentation process involves haram substances.,"['csl', 'corn steep liquor']"
crosslinked-starch,Crosslinked Starch,"A modified starch used as a thickener, stabilizer, or binder in food products.",halal,"Crosslinked starch is typically derived from halal sources like corn, tapioca, or potato. As long as the crosslinking process does not involve haram substances, it is considered halal.","['crosslinked starch', 'modified starch']"
cowpea-flour,Cowpea Flour,"Flour made from ground cowpeas, a type of legume.",halal,Cowpea flour is derived from a plant source and is considered halal.,"['cowpea flour', 'black-eyed pea flour']"
cyanocobalamin,Cyanocobalamin,A synthetic form of vitamin B12 used in dietary supplements and food fortification.,halal,Cyanocobalamin is synthetically produced and does not contain any haram ingredients.,"['cyanocobalamin', 'vitamin b12']"
dairy-solids,Dairy Solids,"The components of milk remaining after the removal of water, including lactose, protein, and minerals.",halal,"Dairy solids are derived from milk, which is considered halal. However, the halal status depends on the source animal and processing methods.","['dairy solids', 'milk solids']"
cyclamic-acid,Cyclamic Acid and Salts,Artificial sweeteners used in food and beverages.,halal,Cyclamic acid and its salts are synthetically produced and do not contain any haram ingredients.,"['cyclamic acids and salts', 'cyclamate', 'E952', 'cyclamic acid']"
dairy-protein,Dairy Protein,"Proteins derived from milk, such as whey and casein.",halal,"Dairy proteins are derived from milk, which is considered halal. However, the halal status depends on the source animal and processing methods.","['dairy protein', 'milk protein', 'whey protein', 'casein']"
cysteine,Cysteine,"A non-essential amino acid that can be sourced from various origins, including human hair, feathers, or synthesized.",uncertain,"Cysteine can be derived from human hair which is considered haram. If it is plant based or synthetic, then it is halal.","['cysteine', 'l-cysteine']"
curcumin,Curcumin,"A natural pigment extracted from turmeric roots, used as a food coloring and flavoring agent.",halal,"Curcumin is derived from turmeric, which is a halal plant source.","['curcumin', 'turmeric extract', 'E100']"
cysteine-hydrochloride,Cysteine Hydrochloride,An amino acid salt used as a food additive.,uncertain,"Cysteine can be derived from human hair which is considered haram. If it is plant based or synthetic, then it is halal.","['cysteine hydrochloride', 'l-cysteine hydrochloride']"
dark-rye,Dark Rye,A type of rye grain that has a darker color and a more robust flavor compared to light rye.,halal,Dark rye is a grain and is considered halal unless it is mixed with haram ingredients during processing.,['dark rye']
dehydroacetic-acid,Dehydroacetic Acid,A preservative used to prevent the growth of bacteria and fungi.,uncertain,The halal status of dehydroacetic acid is uncertain due to limited information on its production process and potential use of non-halal ingredients or processing aids.,['dehydroacetic acid']
date-seed-flour,Date Seed Flour,"Flour made from ground date seeds, used as a food additive or ingredient.",halal,"Date seed flour is derived from date seeds, which are considered halal. The flour is halal unless contaminated with haram ingredients during processing.",['date seed flour']
defatted-soy-flour,Defatted Soy Flour,"Soy flour with the fat removed, used in baking and as a protein supplement.",halal,"Defatted soy flour is derived from soybeans, which are considered halal. The flour is halal unless contaminated with haram ingredients during processing.",['defatted soy flour']
dehydrated-potato,Dehydrated Potato,"Potatoes that have been dried to remove moisture, often used in instant mashed potatoes and other processed foods.",halal,"Dehydrated potato is derived from potatoes, which are considered halal. The product is halal unless haram ingredients are added during processing.",['dehydrated potato']
dark-rye-flour,Dark Rye Flour,Flour made from dark rye grains.,halal,Dark rye flour is a grain and is considered halal unless it is mixed with haram ingredients during processing.,['dark rye flour']
datem,Diacetyl Tartaric Acid Esters of Monoglycerides,A synthetic emulsifier made from vegetable oils and tartaric acid. It is used to strengthen gluten in dough.,uncertain,"The halal status depends on the source of the glycerides. If they are from a halal source, then it is halal. If they are from a non-halal source, then it is haram. Without knowing the source, it is uncertain.","['diacetyl tartaric acid ester of monoglycerides', 'datem', 'e472e']"
dextrose,Dextrose,A simple sugar derived from corn or wheat. It is used as a sweetener and energy source.,halal,Dextrose is a sugar derived from plant sources and is halal unless produced using haram processes or contaminated with haram substances.,"['dextrose', 'glucose']"
demineralized-whey,Demineralized Whey,Whey with minerals removed. It is a byproduct of cheese production.,halal,"Demineralized whey is a byproduct of cheese production. As long as the cheese-making process uses halal enzymes and ingredients, the resulting whey is considered halal.",['demineralized whey']
dextrose-curing,Dextrose Curing,The use of dextrose in the curing process of meats.,halal,Dextrose itself is halal. The curing process is halal if halal ingredients are used.,['dextrose curing']
demerara-sugar,Demerara Sugar,"A type of raw cane sugar with large, amber-colored crystals and a toffee-like flavor.",halal,Demerara sugar is a type of sugar derived from sugarcane and is halal unless produced using haram processes or contaminated with haram substances.,['demerara sugar']
dextrin,Dextrin,A group of low-molecular-weight carbohydrates produced by the hydrolysis of starch. It is used as a thickener and adhesive.,halal,Dextrin is derived from plant-based starches and is halal unless produced using haram processes or contaminated with haram substances.,['dextrin']
dichlorodifluoromethane,Dichlorodifluoromethane,A chlorofluorocarbon (CFC) that was used as a refrigerant. Its use is now restricted due to environmental concerns.,uncertain,The Halal status is uncertain due to limited information on its production and ingredients. Further investigation is needed to confirm its Halal compliance.,"['dichlorodifluoromethane', 'freon 12', 'r-12']"
dimethylpolysiloxane,Dimethylpolysiloxane,"A type of silicone polymer used as an anti-foaming agent, sealant, and lubricant in various food and non-food applications.",uncertain,The Halal status is uncertain due to variations in manufacturing processes and potential use of non-halal processing aids. Further investigation is needed to ensure that all components and processes are Halal-compliant.,"['dimethylpolysiloxane', 'dimethicone', 'e900', 'silicone oil']"
dipotassium-phosphate,Dipotassium Phosphate,"A water-soluble salt used as a food additive, buffer, and nutrient supplement.",halal,Dipotassium phosphate is generally considered halal as it is a synthetic compound made from mineral sources and does not contain any animal-derived ingredients.,"['dipotassium phosphate', 'k2hpo4', 'dibasic potassium phosphate']"
disodium-5-ribonucleotides,Disodium 5'-Ribonucleotides,A flavor enhancer that is a mixture of disodium inosinate (IMP) and disodium guanylate (GMP).,uncertain,"The Halal status is uncertain because the source of the ribose (sugar component) used in production can vary. If derived from non-halal sources (e.g., certain animal by-products), it would be considered haram.","[""disodium 5'-ribonucleotides"", 'disodium 5-ribonucleotides', 'e635', 'flavor enhancer e635']"
dimethyl-dicarbonate,Dimethyl Dicarbonate,"A chemical sterilant and preservative used in beverages, particularly wine and juice.",uncertain,The Halal status is uncertain due to limited information on the manufacturing process and potential use of non-halal processing aids. Further investigation is needed to confirm its Halal compliance.,"['dimethyl dicarbonate', 'dmc', 'velcorin']"
dinkel-wheat,Dinkel Wheat,"A type of wheat closely related to common wheat, used in baking and other food products.",halal,Dinkel wheat is a natural grain and is considered halal as long as it is not contaminated with any haram substances during processing or preparation.,"['dinkel wheat', 'spelt', 'scalded wheat']"
diphosphates,Diphosphates,"A group of food additives used as buffering agents, emulsifiers, and sequestrants.",halal,Diphosphates are generally considered halal as they are produced from mineral sources and do not contain any animal-derived ingredients.,"['diphosphates', 'e450', 'pyrophosphates']"
disodium-guanylate,Disodium Guanylate,A flavor enhancer that is a salt of guanylic acid.,uncertain,"The Halal status is uncertain because it can be derived from both plant and animal sources. If derived from non-halal animal sources, it is considered haram.","['disodium guanylate', 'e627', 'sodium guanylate']"
disodium-inosinate,Disodium Inosinate,A flavor enhancer that is a disodium salt of inosinic acid. It is commonly used in conjunction with monosodium glutamate (MSG).,halal,"Disodium inosinate is typically derived from meat or fish, but it can also be produced by bacterial fermentation of sugars. If derived from halal sources or produced through bacterial fermentation, it is considered halal.","['disodium inosinate', 'E631', ""inosine 5'-disodium phosphate"", ""disodium 5'-inosinate"", 'disodium inosinate imp']"
distilled-vinegar,Distilled Vinegar,A clear vinegar made by the fermentation and subsequent distillation of ethanol.,halal,"Distilled vinegar is produced from the fermentation of ethanol, which can be derived from various sources. As long as the ethanol is not derived from haram sources (such as alcohol) and the process does not involve any haram substances, it is considered halal.","['distilled vinegar', 'spirit vinegar']"
dodecyl-gallate,Dodecyl Gallate,An antioxidant used as a food additive to prevent fats and oils from spoiling.,uncertain,"The source of gallic acid used to produce dodecyl gallate needs to be verified. If the gallic acid is derived from halal sources, then it is halal. Otherwise, it will be haram or uncertain.","['dodecyl gallate', 'E312', 'lauryl gallate']"
disodium-pyrophosphate,Disodium Pyrophosphate,"A leavening agent, buffering agent, and sequestrant used in food processing.",halal,Disodium pyrophosphate is a synthetic ingredient and is generally considered halal as it does not contain any animal-derived ingredients or alcohol.,"['disodium pyrophosphate', 'E450(a)', 'sodium acid pyrophosphate', 'sodiuim pyrophosphate', 'diphosphates']"
dripping,Dripping,Animal fat rendered from meat during cooking.,uncertain,"The halal status depends on the animal source. If the animal is halal and slaughtered according to Islamic guidelines, it is halal. Otherwise, it is haram.","['dripping', 'animal fat']"
dried-shrimp-powder,Dried Shrimp Powder,"Powdered form of dried shrimp, used as a flavoring agent.",halal,Shrimp and other seafood are considered halal.,"['dried shrimp powder', 'shrimp powder']"
duck-fat,Duck Fat,"Fat rendered from ducks, used in cooking.",halal,"Duck is generally considered halal, so its fat is halal as well, provided it is not mixed with any haram ingredients.",['duck fat']
durum-flour,Durum Flour,"A type of wheat flour made from durum wheat, used to make pasta and bread.",halal,Durum flour is derived from wheat and is considered halal.,"['durum flour', 'durum wheat flour', 'semolina flour']"
e101,Riboflavin,"Also known as Vitamin B2, it is a water-soluble vitamin and a food coloring agent.",halal,"Riboflavin (E101) is typically produced synthetically or through microbial fermentation, and is considered halal unless the production process involves haram substances.","['e101', 'riboflavin', 'vitamin b2']"
dough-enhancer,Dough Enhancer,"A mixture of ingredients added to dough to improve its texture, rise, and overall quality.",uncertain,"The halal status depends on the ingredients used in the dough enhancer. It may contain enzymes, emulsifiers, or other ingredients that could be of animal origin. If all ingredients are halal, then it is halal; otherwise, it is haram or uncertain.","['dough enhancer', 'bread improver']"
dried-whey,Dried Whey,"The dried form of whey, a byproduct of cheese production.",halal,"Whey is a byproduct of cheese production, which is halal if the cheese-making process uses halal enzymes and ingredients.","['dried whey', 'whey powder']"
e103,Chrysoine S,A synthetic food dye.,haram,It is a synthetic color and some synthetic colors are considered haram due to the usage of haram animal products or derivatives during manufacturing.,"['e103', 'chrysoine s', 'acid yellow 36', 'food yellow 8']"
e104,Quinoline Yellow,A synthetic food dye.,uncertain,The halal status of quinoline yellow is uncertain due to conflicting opinions and the possibility of non-halal ingredients being used in its production.,"['e104', 'quinoline yellow', 'food yellow 13', 'acid yellow 3']"
e106,Riboflavin-5'-Phosphate,A food dye.,uncertain,"The source of the ingredients used to produce Riboflavin-5'-Phosphate is not always clear. It can be produced synthetically or from plant or animal sources. Without knowing the source, it is difficult to determine if it is halal.","['e106', ""riboflavin-5'-phosphate"", 'riboflavin-5-phosphate', 'riboflavin phosphate', 'flavin mononucleotide', 'fmn']"
e105,Fast Yellow AB,A synthetic food dye.,haram,Fast Yellow AB is a synthetic azo dye that is prohibited for use in food in many countries due to health concerns. Some synthetic colors are considered haram due to the usage of haram animal products or derivatives during manufacturing.,"['e105', 'fast yellow ab']"
e107,Yellow 2G,A synthetic food dye.,haram,Some synthetic colors are considered haram due to the usage of haram animal products or derivatives during manufacturing.,"['e107', 'yellow 2g', 'food yellow 5']"
e102,Tartrazine,A synthetic lemon yellow azo dye.,uncertain,The halal status of tartrazine is uncertain due to conflicting opinions and the possibility of non-halal ingredients being used in its production.,"['e102', 'tartrazine', 'fd&c yellow 5', 'food yellow 4']"
e110,Sunset Yellow FCF,A synthetic food dye.,uncertain,The halal status of sunset yellow fcf is uncertain due to conflicting opinions and the possibility of non-halal ingredients being used in its production.,"['e110', 'sunset yellow fcf', 'fd&c yellow 6', 'food yellow 3']"
e111,Annatto,A natural food coloring derived from the seeds of the achiote tree.,halal,Annatto is a natural plant-derived coloring agent and is considered halal.,"['e111', 'annatto', 'achiote', 'natural color e160b', 'anato']"
citrus-red-2,Citrus Red 2,A synthetic red dye used to color orange peels.,uncertain,The halal status is uncertain due to lack of information on the manufacturing process and potential use of non-halal ingredients.,"['e121', 'citrus red 2']"
e125,Ponceau SX,A synthetic azo dye. It is a red food color.,haram,Ponceau SX is not permitted for use in food in many countries due to health concerns.,"['ponceau-sx', 'e125']"
e128,Red 2G,A synthetic azo dye used as a food coloring.,haram,Red 2G has been banned in several countries due to concerns about the release of carcinogenic substances.,"['red-2g', 'e128']"
e124,Ponceau 4R,A synthetic azo dye used as a food coloring. It produces a red color.,uncertain,The halal status is uncertain due to conflicting opinions and the possibility of animal-derived ingredients being used in its production.,"['ponceau-4r', 'e124', 'cochineal-red-a', 'c.i.-16255']"
e126,Ponceau 6R,A synthetic red food dye.,haram,Ponceau 6R is prohibited as a food additive in many countries due to safety concerns.,"['ponceau-6r', 'e126']"
e130,Indanthrene Blue RS,A blue dye. It is not typically used in food.,uncertain,Its halal status is uncertain due to lack of information on its ingredients and manufacturing process.,"['indanthrene-blue-rs', 'e130']"
e131,Patent Blue V,A synthetic food coloring. It is a dark blue dye.,uncertain,The halal status is uncertain due to the possibility of animal-derived ingredients being used in its production.,"['patent-blue-v', 'e131']"
e127,Erythrosine,A synthetic food coloring. It is a pink dye.,uncertain,The halal status is uncertain due to conflicting opinions and the possibility of animal-derived ingredients being used in its production.,"['erythrosine', 'e127']"
e143,Green S,A synthetic food dye.,uncertain,"The halal status of Green S (E143) is uncertain due to differing opinions among scholars regarding the permissibility of synthetic food colorings in Islam. Some consider it permissible if it does not contain any haram substances, while others are more cautious due to the artificial nature and potential health concerns.","['e143', 'green-s', 'food green s', 'brilliant green bs', 'lissamine green']"
e152,Carbon Black,A black coloring agent.,uncertain,"The ruling is uncertain because some sources indicate that it is derived from vegetable matter, while others suggest it can be derived from animal by-products. Further investigation is needed to determine the source.","['e152', 'carbon black']"
e153,Vegetable Carbon,A black pigment produced by the incomplete combustion of vegetable matter.,halal,Vegetable carbon is derived from plant-based sources and does not involve any haram substances in its production.,"['e153', 'vegetable carbon', 'carbon black (vegetable origin)', 'plant-based carbon']"
brown-fk,Brown FK,A synthetic food coloring.,haram,"Brown FK contains diazo dyes, which are prohibited in Islam due to health concerns and lack of necessity.","['brown-fk', 'e154']"
e164,Brown HT,A synthetic brown diazo dye. It is used as a food coloring.,uncertain,The halal status of Brown HT (E155) is uncertain due to the possibility of animal-derived ingredients being used in its manufacturing process. Further investigation into the specific source and production method is needed to determine its permissibility.,"['e164', 'brown-ht']"
e171,Titanium Dioxide,A white food coloring used to enhance the brightness and whiteness of various food products.,halal,Titanium dioxide is a mineral oxide and is considered halal.,"['e171', 'titanium dioxide', 'titanium oxide', 'ci 77891']"
e175,Gold,A food coloring agent that imparts a gold color to food products.,halal,Gold is a naturally occurring mineral and is considered halal.,"['e175', 'gold']"
e172,Iron Oxides and Hydroxides,"A group of food colorings that provide yellow, red, and black hues.",halal,Iron oxides and hydroxides are mineral-based and are considered halal.,"['e172', 'iron oxides and hydroxides', 'iron oxide yellow', 'iron oxide red', 'iron oxide black']"
e174,Silver,A food coloring agent that imparts a silver color to food products.,halal,Silver is a naturally occurring mineral and is considered halal.,"['e174', 'silver']"
e173,Aluminium,A food coloring agent that imparts a silver-grey color to food products.,halal,Aluminium is a naturally occurring mineral and is considered halal.,"['e173', 'aluminium', 'aluminum']"
e170,Calcium Carbonate,"A white, odorless powder used as a food additive for various purposes, including as an anticaking agent, color retention agent, firming agent, stabilizer, or thickener.",halal,Calcium carbonate is a mineral and is considered halal.,"['e170', 'calcium carbonate']"
e180,Lithol Rubine BK,A red synthetic dye used in food coloring.,uncertain,The halal status of synthetic food colorings like Lithol Rubine BK (E180) can be uncertain due to variations in manufacturing processes and potential use of non-halal ingredients. Further investigation into the specific source and production method is needed to determine its halal status.,"['e180', 'lithol rubine bk', 'ci pigment red 57', 'ci 15850']"
e181,E181,A food additive with various uses.,uncertain,"Since E181 does not correspond to any known food additive with a clear halal or haram status, its ruling is uncertain. Further investigation is needed to determine its source and processing.",['e181']
e182,Orcein,"A natural dye derived from lichens, used to impart purple or reddish-purple color to food products.",halal,"Orcein is extracted from lichens through a fermentation process. Lichens are considered halal, and the extraction process does not introduce any haram substances.","['orcein', 'e182', 'natural red 28']"
e1908,E1908,This code is not a recognized food additive or ingredient.,uncertain,The provided code does not correspond to any known food additive or ingredient with a defined halal or haram status. Further investigation is needed to determine its source and composition.,['e1908']
e1909,E1909,This code is not a recognized food additive or ingredient.,uncertain,The provided code does not correspond to any known food additive or ingredient with a defined halal or haram status. Further investigation is needed to determine its source and composition.,['e1909']
e1913,E1913,Food colorant,uncertain,No definitive information is available to determine the halal status of E1913. Further investigation is needed to ascertain its source and processing.,['e1913']
e1915,E1915,Food colorant,uncertain,No definitive information is available to determine the halal status of E1915. Further investigation is needed to ascertain its source and processing.,['e1915']
tartrazine,Tartrazine,A synthetic lemon yellow azo dye used as a food coloring.,halal,"Tartrazine is a synthetic food coloring and does not contain any animal derivatives or prohibited substances, making it halal.","['tartrazine', 'e1914', 'fd&c yellow 5', 'yellow 5']"
e1916,E1916,Food colorant,uncertain,No definitive information is available to determine the halal status of E1916. Further investigation is needed to ascertain its source and processing.,['e1916']
e1912,E1912,Food colorant,uncertain,No definitive information is available to determine the halal status of E1912. Further investigation is needed to ascertain its source and processing.,['e1912']
e1917,E1917,Food colorant,uncertain,No definitive information is available to determine the halal status of E1917. Further investigation is needed to ascertain its source and processing.,['e1917']
e2007,Not applicable,This code is not a valid food additive code.,uncertain,The code E2007 is not a recognized food additive code. It does not correspond to any known substance with a defined halal or haram status.,['e2007']
e2001,Sodium Ascorbate,"Sodium ascorbate is a sodium salt of ascorbic acid (vitamin C), used as an antioxidant and acidity regulator in food.",halal,Sodium ascorbate is generally considered halal as it is a salt of ascorbic acid (vitamin C) and does not contain any haram substances.,"['e2001', 'sodium ascorbate']"
e2000,Not applicable,This code is not a valid food additive code.,uncertain,The code E2000 is not a recognized food additive code. It does not correspond to any known substance with a defined halal or haram status.,['e2000']
e2002,Potassium Sorbate,"Potassium sorbate is a food preservative used to inhibit molds and yeasts in many foods, such as cheese, wine, yogurt, dried meats, and baked goods.",halal,Potassium sorbate is generally considered halal as it is a synthetic salt derived from sorbic acid and does not contain any haram substances.,"['e2002', 'potassium sorbate']"
e200,Sorbic Acid,"Sorbic acid is a natural organic compound used as a food preservative. It inhibits the growth of mold, yeast, and fungi, and is used in a variety of foods.",halal,Sorbic acid is generally considered halal as it is either derived from natural sources or produced synthetically without the use of any haram substances.,"['e200', 'sorbic acid']"
e2005,Not applicable,This code is not a valid food additive code.,uncertain,The code E2005 is not a recognized food additive code. It does not correspond to any known substance with a defined halal or haram status.,['e2005']
e2006,Not applicable,This code is not a valid food additive code.,uncertain,The code E2006 is not a recognized food additive code. It does not correspond to any known substance with a defined halal or haram status.,['e2006']
e2003,Calcium Sorbate,Calcium sorbate is a preservative used in food products to prevent the growth of mold and fungi.,halal,Calcium sorbate is generally considered halal as it is a salt of sorbic acid and does not contain any haram substances.,"['e2003', 'calcium sorbate']"
e2004,Not applicable,This code is not a valid food additive code.,uncertain,The code E2004 is not a recognized food additive code. It does not correspond to any known substance with a defined halal or haram status.,['e2004']
e212,Potassium Benzoate,A preservative used in food and beverage products.,halal,"Potassium benzoate is a salt of benzoic acid, produced synthetically. Benzoic acid can be found naturally in some fruits. As a synthetic compound or when derived from natural, halal sources, it is considered halal unless produced with haram ingredients.","['e212', 'potassium benzoate']"
e209,Heptylparaben,A preservative used in cosmetics and pharmaceuticals.,uncertain,"The halal status of heptylparaben is uncertain due to the potential use of non-halal alcohol in its production. Without specific information on the source and production method, it is difficult to determine its permissibility.","['e209', 'heptylparaben']"
e210,Benzoic Acid,A preservative used in food and beverage products.,halal,"Benzoic acid occurs naturally in many plants and can also be chemically synthesized. As such, it is halal unless produced using haram substances.","['e210', 'benzoic acid']"
e211,Sodium Benzoate,A preservative used in food and beverage products.,halal,"Sodium benzoate is the sodium salt of benzoic acid, created by reacting benzoic acid with sodium hydroxide. Benzoic acid can be found naturally in some fruits. As a synthetic compound or when derived from natural, halal sources, it is considered halal unless produced with haram ingredients.","['e211', 'sodium benzoate']"
e220,Sulphur Dioxide,"A preservative used in dried fruits, wines, and processed foods.",halal,Sulphur dioxide is an inorganic salt and is permissible for consumption.,"['e220', 'sulfur dioxide', 'sulphur dioxide']"
e222,Sodium Bisulphite,A food preservative and antioxidant.,halal,Sodium bisulphite is an inorganic salt and is permissible for consumption.,"['e222', 'sodium bisulphite', 'sodium bisulfite']"
e217,"Propyl p-Hydroxybenzoate, Sodium Salt",A preservative used in cosmetics and pharmaceuticals.,uncertain,The ruling is uncertain due to conflicting opinions regarding the source and processing of the ingredient.,"['e217', 'propyl p-hydroxybenzoate, sodium salt']"
e219,Propyl p-Hydroxybenzoate,A preservative used in cosmetics and pharmaceuticals.,uncertain,The ruling is uncertain due to conflicting opinions regarding the source and processing of the ingredient.,"['e219', 'propyl p-hydroxybenzoate']"
e218,Methyl p-Hydroxybenzoate,A preservative used in cosmetics and pharmaceuticals.,uncertain,The ruling is uncertain due to conflicting opinions regarding the source and processing of the ingredient.,"['e218', 'methyl p-hydroxybenzoate']"
e216,Propylparaben,A preservative used in food and cosmetic products.,uncertain,The ruling is uncertain due to conflicting opinions regarding the source and processing of the ingredient.,"['e216', 'propyl paraben', 'propylparaben']"
e221,Sodium Sulfite,A preservative used in food and beverage products.,halal,Sodium sulfite is an inorganic salt and is permissible for consumption.,"['e221', 'sodium sulfite', 'sodium sulphite']"
e215,"Ethyl p-Hydroxybenzoate, Sodium Salt",A preservative used in cosmetics and pharmaceuticals.,uncertain,The ruling is uncertain due to conflicting opinions regarding the source and processing of the ingredient.,"['e215', 'ethyl p-hydroxybenzoate, sodium salt']"
e214,Ethylparaben,A preservative used in food and cosmetic products.,uncertain,The ruling is uncertain due to conflicting opinions regarding the source and processing of the ingredient.,"['e214', 'ethyl paraben', 'ethylparaben']"
e231,Orthophenylphenol,A fungicide used as a preservative for citrus fruits.,uncertain,The ruling is uncertain due to potential concerns about the ingredients used in its production and whether they are halal-compliant.,"['e231', 'orthophenylphenol', '2-phenylphenol', 'o-phenylphenol']"
e230,Biphenyl,A fungicide used as a preservative for citrus fruits.,uncertain,The ruling is uncertain due to potential concerns about the ingredients used in its production and whether they are halal-compliant.,"['e230', 'biphenyl', 'diphenyl']"
e223,Sodium Metabisulfite,"A preservative, antioxidant, and bleaching agent used in food and beverage production.",halal,Sodium metabisulfite is generally considered halal as it is a synthetic chemical and does not contain any animal-derived ingredients.,"['e223', 'sodium metabisulfite', 'sodium pyrosulfite']"
e233,Thiabendazole,A fungicide used to prevent mold and fungal growth on fruits and vegetables.,uncertain,The ruling is uncertain due to potential concerns about the ingredients used in its production and whether they are halal-compliant.,"['e233', 'thiabendazole']"
e232,Sodium Orthophenylphenate,"A fungicide used as a preservative, especially for citrus fruits.",uncertain,The ruling is uncertain due to potential concerns about the ingredients used in its production and whether they are halal-compliant.,"['e232', 'sodium orthophenylphenate']"
e228,Potassium Bisulfite,A preservative and antioxidant used in the food and beverage industry.,halal,Potassium bisulfite is generally considered halal as it is a synthetic chemical and does not contain any animal-derived ingredients.,"['e228', 'potassium bisulfite']"
e225,Potassium Sulfite,A preservative used in the food and beverage industry.,halal,Potassium sulfite is generally considered halal as it is a synthetic chemical and does not contain any animal-derived ingredients.,"['e225', 'potassium sulfite']"
e227,Calcium Bisulfite,A preservative used in the food and beverage industry.,halal,Calcium bisulfite is generally considered halal as it is a synthetic chemical and does not contain any animal-derived ingredients.,"['e227', 'calcium bisulfite']"
e226,Calcium Sulfite,A preservative used in the food and beverage industry.,halal,Calcium sulfite is generally considered halal as it is a synthetic chemical and does not contain any animal-derived ingredients.,"['e226', 'calcium sulfite']"
e224,Potassium Metabisulfite,A preservative and antioxidant used in the food and beverage industry.,halal,Potassium metabisulfite is generally considered halal as it is a synthetic chemical and does not contain any animal-derived ingredients.,"['e224', 'potassium metabisulfite']"
e234,Nisin,A polycyclic antibacterial peptide produced by Lactococcus lactis used as a food preservative.,halal,Nisin is produced by bacterial fermentation and does not contain any haram substances.,"['nisin', 'e234']"
e238,Calcium Formate,A salt of formic acid used as a preservative in animal feed.,halal,Calcium formate is generally considered halal as it is a salt of formic acid and does not contain any haram substances.,"['calcium-formate', 'e238']"
e237,Sodium Formate,A salt of formic acid used as a preservative and buffering agent.,halal,Sodium formate is generally considered halal as it is a salt of formic acid and does not contain any haram substances.,"['sodium-formate', 'e237']"
e235,Natamycin,A polyene antifungal drug used as a food preservative.,halal,Natamycin is produced by fermentation and does not contain any haram substances.,"['natamycin', 'e235']"
e236,Formic Acid,A naturally occurring organic acid used as a preservative and antibacterial agent.,halal,Formic acid is generally considered halal as it is a naturally occurring organic acid and does not contain any haram substances.,"['formic-acid', 'e236']"
e250,Sodium Nitrite,A salt used as a color fixative and preservative in cured meats and other processed foods.,halal,Sodium nitrite is a synthetic salt and does not contain any haram substances.,"['sodium-nitrite', 'e250']"
e239,Hexamethylene Tetramine,A preservative used in certain types of cheese.,uncertain,"There is conflicting information regarding the halal status of hexamethylene tetramine. Some sources state it is halal, while others suggest uncertainty due to potential manufacturing processes. Further investigation is needed to confirm its halal status.","['hexamethylene-tetramine', 'e239']"
e249,Potassium Nitrite,"A salt used as a preservative and color fixative, especially in cured meats.",halal,Potassium nitrite is a synthetic salt and does not contain any haram substances.,"['potassium-nitrite', 'e249']"
e242,Dimethyl Dicarbonate,"A antimicrobial preservative used in beverages, especially wine and juice.",halal,Dimethyl dicarbonate is a synthetic compound and does not contain any haram substances.,"['dimethyl-dicarbonate', 'e242']"
e240,Formaldehyde,A chemical compound used as a preservative.,uncertain,"Although formaldehyde itself is a simple chemical compound, its use as a food preservative is highly regulated and controversial due to its toxicity. Its halal status is uncertain due to safety concerns and potential haram processing aids used in its production.","['formaldehyde', 'e240']"
e267,Ammonium Acetate,A chemical compound used as a food additive.,halal,Ammonium acetate is produced synthetically and does not contain any haram ingredients.,"['e267', 'ammonium acetate']"
e252,Potassium Nitrate,A preservative used in cured meats.,halal,Potassium nitrate is a mineral salt and is considered halal.,"['e252', 'potassium nitrate']"
sodium-acetate,Sodium Acetates,Sodium acetate is the sodium salt of acetic acid. It is used as a food additive and preservative.,halal,Sodium acetate is generally considered halal as it is a salt of acetic acid and does not contain any haram ingredients.,"['e262', 'sodium acetate', 'sodium acetates', 'sodium diacetate']"
e266,Zinc Acetate,"A zinc salt of acetic acid, used as a dietary supplement and food additive.",halal,Zinc acetate is a chemical compound and is considered halal as it does not contain any haram ingredients.,"['e266', 'zinc acetate']"
potassium-acetate,Potassium Acetate,"A potassium salt of acetic acid, used as a food additive and preservative.",halal,Potassium acetate is generally considered halal as it is a salt of acetic acid and does not contain any haram ingredients.,"['e261', 'potassium acetate']"
ammonium-acetate,Ammonium Acetate,A chemical compound used as a food additive.,halal,Ammonium acetate is produced synthetically and does not contain any haram ingredients.,"['e265', 'ammonium acetate']"
sodium-nitrite,Sodium Nitrite,A salt used as a curing agent and preservative in processed meats.,halal,Sodium nitrite is an inorganic salt and is considered halal.,"['e251', 'sodium nitrite']"
e296,Malic Acid,A dicarboxylic acid that is found in many fruits and vegetables. It is used as a food additive to give a tart or sour taste to foods and beverages.,halal,Malic acid is generally considered halal as it is commonly derived from fruits. Synthetic production is also halal if the source materials are halal.,"['e296', 'malic acid', 'dl-malic acid', 'apple acid']"
e283,Potassium Sorbate,A potassium salt of sorbic acid. It is a widely used preservative in food and beverage products.,halal,Potassium sorbate is a chemical preservative and is considered halal as long as it is not produced using any haram substances.,"['e283', 'potassium sorbate']"
e285,Sodium Tetraborate,"Also known as borax, it is used as a preservative. However, its use in food is restricted in many countries due to toxicity concerns.",uncertain,"The ruling is uncertain due to concerns about its safety and potential toxicity when ingested. While the chemical itself may not be haram, its use in food is questionable.","['e285', 'sodium tetraborate', 'borax']"
e284,Boric Acid,"Used as a preservative and antiseptic. However, its use in food is restricted in many countries due to toxicity concerns.",uncertain,"The ruling is uncertain due to concerns about its safety and potential toxicity when ingested. While the chemical itself may not be haram, its use in food is questionable.","['e284', 'boric acid']"
e270,Lactic Acid,"A natural organic acid produced by bacterial fermentation. It is used as a preservative, flavoring agent, and pH regulator in food products.",halal,"Lactic acid is typically produced through the fermentation of carbohydrates, which is a halal process. However, if whey (derived from non-halal animal sources) is used in the fermentation process, it would be considered uncertain.","['e270', 'lactic acid']"
e297,Fumaric Acid,A dicarboxylic acid used as a food acidulant.,halal,Fumaric acid is generally considered halal as it is produced synthetically or derived from plant sources.,"['e297', 'fumaric acid']"
e290,Carbon Dioxide,A colorless and odorless gas used in carbonated beverages and as a food preservative.,halal,Carbon dioxide is a naturally occurring gas and is considered halal.,"['e290', 'carbon dioxide']"
e280,Propionic Acid,"A naturally occurring carboxylic acid used as a preservative, especially in baked goods and cheeses.",halal,"Propionic acid is generally considered halal as it can be produced synthetically or through bacterial fermentation, without the use of haram substances.","['e280', 'propionic acid']"
e281,Sodium Propionate,"The sodium salt of propionic acid, used as a preservative in baked goods and cheeses.",halal,"Sodium propionate is the sodium salt of propionic acid, which is generally considered halal as it can be produced synthetically or through bacterial fermentation, without the use of haram substances.","['e281', 'sodium propionate']"
e303,E303,Calcium Ascorbate,halal,"E303, also known as Calcium Ascorbate, is the calcium salt of ascorbic acid (Vitamin C). It is used as an antioxidant and a source of calcium. Since both calcium and ascorbic acid are permissible, E303 is considered halal.","['e303', 'calcium ascorbate']"
e308,E308,Synthetic Gamma-Tocopherol,halal,"E308 is a synthetic form of gamma-tocopherol, a type of Vitamin E. Synthetic vitamins are generally considered halal unless produced using a haram process or ingredient.","['e308', 'synthetic gamma-tocopherol']"
e300,E300,Ascorbic Acid,halal,"Ascorbic acid, also known as Vitamin C, is a naturally occurring organic compound or synthetically produced. It is widely used as an antioxidant and acidity regulator in food products. Ascorbic acid is considered halal as long as it is not derived from non-halal sources or processed with haram substances.","['e300', 'ascorbic acid', 'vitamin c']"
e306,E306,Tocopherol-rich extract,halal,"E306 refers to a natural extract of tocopherols (Vitamin E). Tocopherols are typically derived from vegetable oils, making them halal.","['e306', 'tocopherol-rich extract', 'natural mixed tocopherols', 'mixed tocopherols concentrate']"
e309,E309,Synthetic Delta-Tocopherol,halal,"E309 is a synthetic form of delta-tocopherol, a type of Vitamin E. Synthetic vitamins are generally considered halal unless produced using a haram process or ingredient.","['e309', 'synthetic delta-tocopherol']"
e301,E301,Sodium Ascorbate,halal,"E301, also known as Sodium Ascorbate, is the sodium salt of ascorbic acid (Vitamin C). It is used as an antioxidant and acidity regulator. Since both sodium and ascorbic acid are permissible, E301 is considered halal.","['e301', 'sodium ascorbate']"
e307,E307,Synthetic Alpha-Tocopherol,halal,"E307 is a synthetic form of alpha-tocopherol, a type of Vitamin E. Synthetic vitamins are generally considered halal unless produced using a haram process or ingredient.","['e307', 'synthetic alpha-tocopherol']"
e311,Octyl Gallate,An antioxidant used to prevent fats and oils from becoming rancid.,uncertain,"The halal status depends on the source of gallic acid and the solvents used in the production process. If gallic acid is plant-derived and halal solvents are used, it is halal. Otherwise, it is uncertain.","['e311', 'octyl gallate']"
e310,Propyl Gallate,An antioxidant used to prevent fats and oils from becoming rancid.,uncertain,"The halal status depends on the source of gallic acid and the solvents used in the production process. If gallic acid is plant-derived and halal solvents are used, it is halal. Otherwise, it is uncertain.","['e310', 'propyl gallate']"
e316,Sodium Erythorbate,A food additive used as an antioxidant and preservative.,halal,Sodium erythorbate is generally considered halal as it is produced synthetically from sugar sources.,"['e316', 'sodium erythorbate']"
e319,Tertiary-Butylhydroquinone,A synthetic antioxidant used to preserve fats and oils in food.,halal,TBHQ is a synthetic antioxidant and is considered halal unless produced with haram ingredients.,"['e319', 'tertiary-butylhydroquinone', 'TBHQ']"
e313,Butylated Octyl Cresol,An antioxidant.,uncertain,There is not enough reliable information available to determine the Halal status of this ingredient. The source and production method need to be verified.,"['e313', 'butylated octyl cresol', 'BOC']"
e318,Calcium Disodium EDTA,A food additive used as a preservative and sequestrant.,halal,Calcium Disodium EDTA is synthetically produced and generally considered halal.,"['e318', 'calcium disodium edta']"
e314,Guaiac Resin,Natural antioxidant extracted from trees.,uncertain,The halal status of Guaiac Resin is uncertain due to limited information on processing and potential use of non-halal solvents during extraction.,"['e314', 'guaiac resin']"
e315,Erythorbic Acid,A food additive used as an antioxidant and preservative.,halal,Erythorbic acid is generally considered halal as it is produced synthetically from sugar sources.,"['e315', 'erythorbic acid']"
e317,Isoascorbic Acid,A food additive used as an antioxidant and preservative.,halal,Isoascorbic acid is generally considered halal as it is produced synthetically from sugar sources.,"['e317', 'isoascorbic acid']"
e326,Potassium Lactate,"A potassium salt of lactic acid, used as a preservative and acidity regulator in food products.",halal,"Potassium lactate is generally considered halal as it is produced by the fermentation of sugar, which is a halal process. The potassium source is also halal.","['e326', 'potassium lactate']"
e329,Calcium Lactate,"A calcium salt of lactic acid, used as a firming agent, flavor enhancer, or acidity regulator in food products.",halal,"Calcium lactate is generally considered halal as it is produced by the fermentation of sugar, which is a halal process. The calcium source is also halal.","['e329', 'calcium lactate']"
e323,Potassium Metabisulfite,A preservative used in food and beverage production to prevent spoilage and maintain color.,halal,Potassium metabisulfite is considered halal as it is an inorganic salt and does not contain any haram substances.,"['e323', 'potassium metabisulfite', 'potassium metabisulphite']"
e324,Potassium Metabisulfite,A preservative used in food and beverage production to prevent spoilage and maintain color.,halal,Potassium metabisulfite is considered halal as it is an inorganic salt and does not contain any haram substances.,"['e324', 'potassium metabisulfite', 'potassium metabisulphite']"
e328,Ammonium Lactate,"A compound used in the cosmetic and pharmaceutical industries, and may be found in some food applications.",uncertain,"The halal status of ammonium lactate is uncertain because the source of lactic acid and ammonium needs to be verified. If they are plant-based or synthetic, it is halal. If animal-derived, the animal source must be halal.","['e328', 'ammonium lactate']"
e325,Sodium Lactate,"A sodium salt of lactic acid, used as a preservative, humectant, and buffering agent in food products.",halal,"Sodium lactate is generally considered halal as it is produced by the fermentation of sugar, which is a halal process. The sodium source is also halal.","['e325', 'sodium lactate']"
e327,Calcium Lactate,"A calcium salt of lactic acid, used as a firming agent, flavor enhancer, or acidity regulator in food products.",halal,"Calcium lactate is generally considered halal as it is produced by the fermentation of sugar, which is a halal process. The calcium source is also halal.","['e327', 'calcium lactate']"
sodium-citrate,Sodium Citrate,"A sodium saalt of citric acid, used as a food additive, usually to improve flavor or as a preservative.",halal,"Sodium citrate is derived from citric acid, which is typically produced through the fermentation of sugar. The ingredients and process are halal-compliant.","['sodium citrate', 'e331']"
l-tartaric-acid,L-Tartaric Acid,"A naturally occurring organic acid found in many plants, particularly grapes. It is added to foods as an antioxidant and to impart its distinct sour flavor.",halal,"L-Tartaric acid is a naturally occurring acid and is halal, unless produced using haram substances.","['l-tartaric-acid', 'e334', 'tartaric acid']"
citric-acid,Citric Acid,A weak organic acid found naturally in citrus fruits. It is used as a preservative and to add an acidic (sour) taste to foods and soft drinks.,halal,"Citric acid is typically produced by the fermentation of sugars, a process that is halal-compliant.","['citric acid', 'e330']"
sodium-tartrate,Sodium Tartrate,"A salt of tartaric acid, used as an antioxidant and acidity regulator in food products.",halal,"Sodium tartrate is derived from tartaric acid, which is a byproduct of wine production. Unless alcohol is added during the process, it is halal.","['sodium tartrate', 'e335']"
potassium-citrate,Potassium Citrate,A potassium salt of citric acid. It is used as a food additive to regulate acidity.,halal,"Potassium citrate is derived from citric acid, which is typically produced through fermentation. The ingredients and process are halal-compliant.","['potassium citrate', 'e332']"
calcium-citrate,Calcium Citrate,A calcium salt of citric acid used as a food additive and dietary supplement.,halal,"Calcium citrate is derived from citric acid, which is typically produced through fermentation. The ingredients and the process are halal-compliant.","['calcium citrate', 'e333']"
lactobionic-acid,Lactobionic Acid,An sugar acid. It can be used as a food additive.,uncertain,There is not enough information to determine if all sources and production methods of lactobionic acid are halal.,"['lactobionic acid', 'e337']"
phosphoric-acid,Phosphoric Acid,A mineral acid used in food and beverage products to acidify and add a tangy flavor.,halal,Phosphoric acid is a mineral acid and is considered halal.,"['phosphoric acid', 'e338']"
potassium-tartrate,Potassium Tartrate,A salt of tartaric acid used as a food additive.,halal,"Potassium tartrate is derived from tartaric acid, which is a byproduct of wine production. Unless alcohol is added during the process, it is halal.","['potassium tartrate', 'e336']"
sodium-phosphate,Sodium Phosphate,"A sodium salt of phosphoric acid, used as a food additive.",halal,"Sodium phosphate is derived from phosphoric acid, which is a mineral acid and is considered halal.","['sodium phosphate', 'e339']"
e349,Ammonium Malate,A food additive used as an acidity regulator.,halal,"Malates are generally considered halal as they are salts of malic acid, which is found naturally in fruits. Ammonium malate does not contain any haram substances.","['e349', 'ammonium malate']"
e350,Sodium Malates,A food additive used as an acidity regulator and buffering agent.,halal,"Sodium malates are salts of malic acid, which is naturally present in fruits. The production process typically does not involve any haram substances.","['e350', 'sodium malates', 'sodium malate', 'sodium hydrogen malate']"
e340,Potassium Phosphates,"A food additive used as a buffering agent, emulsifier, and stabilizer.",halal,Potassium phosphates are generally considered halal as they are inorganic salts and do not contain any haram substances.,"['e340', 'potassium phosphates', 'potassium phosphate', 'monopotassium phosphate', 'dipotassium phosphate', 'tripotassium phosphate']"
e352,Calcium Malates,A food additive used as an acidity regulator.,halal,"Calcium malates are salts of malic acid, which is naturally present in fruits. The production process typically does not involve any haram substances.","['e352', 'calcium malates', 'calcium malate', 'calcium hydrogen malate']"
e343,Magnesium Phosphates,"A food additive used as an anti-caking agent, acidity regulator and nutrient supplement.",halal,Magnesium phosphates are generally considered halal as they are inorganic salts and do not contain any haram substances.,"['e343', 'magnesium phosphates', 'magnesium phosphate', 'monomagnesium phosphate', 'dimagnesium phosphate', 'trimagnesium phosphate']"
e344,Lecithin Citrate,A food additive used as an emulsifier and stabilizer.,uncertain,"The halal status depends on the source of lecithin. If the lecithin is derived from a halal source (e.g., soy), and the citrate is produced without haram substances, it is halal. If the source of lecithin is unknown or from a non-halal source, it is uncertain.","['e344', 'lecithin citrate']"
e351,Potassium Malates,A food additive used as an acidity regulator.,halal,"Potassium malates are salts of malic acid, which is naturally present in fruits. The production process typically does not involve any haram substances.","['e351', 'potassium malates', 'potassium malate', 'potassium hydrogen malate']"
e342,Ammonium Phosphates,A food additive used as a leavening agent and dough strengthener.,halal,Ammonium phosphates are generally considered halal as they are inorganic salts and do not contain any haram substances.,"['e342', 'ammonium phosphates', 'ammonium phosphate', 'monoammonium phosphate', 'diammonium phosphate']"
e345,Magnesium Citrate,A food additive used as an acidity regulator.,halal,"Citrates are salts of citric acid, which is derived from fruits. Magnesium is a mineral. Therefore, magnesium citrate is halal.","['e345', 'magnesium citrate']"
e341,Calcium Phosphates,"A food additive used as an anti-caking agent, firming agent, and nutrient supplement.",halal,Calcium phosphates are generally considered halal as they are inorganic salts and do not contain any haram substances.,"['e341', 'calcium phosphates', 'calcium phosphate', 'monocalcium phosphate', 'dicalcium phosphate', 'tricalcium phosphate']"
e359,Ammonium Adipate,A food additive used as an acidity regulator.,halal,Adipic acid and its salts are generally considered halal if they are not produced using haram substances.,"['e359', 'ammonium adipate']"
e367,Malic Acid and Sodium Malate Mixture,A mixture of malic acid and sodium malate used as a food additive.,halal,"Malic acid is a naturally occurring organic compound found in many fruits and is generally considered halal. Sodium malate, a salt of malic acid, is also halal unless produced with haram substances.","['e367', 'malic acid and sodium malate mixture']"
e356,Sodium Adipate,"A sodium salt of adipic acid, used as a food additive.",halal,Adipic acid and its salts are generally considered halal if they are not produced using haram substances.,"['e356', 'sodium adipate']"
e353,Metatartaric Acid,A food additive used as a stabilizer and preservative.,halal,"Metatartaric acid is derived from tartaric acid, a naturally occurring acid found in fruits like grapes. It is considered halal unless produced using haram substances.","['e353', 'metatartaric acid']"
e365,Sodium Fumarate,"A sodium salt of fumaric acid, used as a food additive.",halal,Fumaric acid and its salts are generally considered halal if they are not produced using haram substances.,"['e365', 'sodium fumarate']"
e354,Calcium Adipate,"A calcium salt of adipic acid, used as a food additive.",halal,Adipic acid and its salts are generally considered halal if they are not produced using haram substances.,"['e354', 'calcium adipate']"
e357,Potassium Adipate,"A potassium salt of adipic acid, used as a food additive.",halal,Adipic acid and its salts are generally considered halal if they are not produced using haram substances.,"['e357', 'potassium adipate']"
e366,Potassium Fumarate,"A potassium salt of fumaric acid, used as a food additive.",halal,Fumaric acid and its salts are generally considered halal if they are not produced using haram substances.,"['e366', 'potassium fumarate']"
e363,Succinic Acid,A dicarboxylic acid used as a food additive.,halal,Succinic acid is generally considered halal if it is not produced using haram substances.,"['e363', 'succinic acid']"
e381,Ferric Ammonium Citrate,"A complex salt of iron, citric acid, and ammonia, used as a food additive and dietary supplement.",halal,Ferric ammonium citrate is generally considered halal as it is produced through chemical synthesis and does not contain any haram substances.,"['e381', 'ferric ammonium citrate', 'ammonium ferric citrate']"
e375,Nicotinic Acid,"Also known as niacin or vitamin B3, it is an essential human nutrient.",halal,Nicotinic acid is generally considered halal as it is a vitamin and is produced synthetically or derived from plant sources.,"['e375', 'nicotinic acid', 'niacin', 'vitamin b3']"
e380,Triammonium Citrate,"A salt of citric acid and ammonia, used as an acidity regulator and sequestrant in food.",halal,"Triammonium citrate is considered halal as it is a chemical compound made from citric acid and ammonia, neither of which are haram.","['e380', 'triammonium citrate', 'ammonium citrate']"
e368,Ammonium Fumarate,A food additive used as an acidity regulator.,halal,"Ammonium fumarate is considered halal as it is a chemical compound made from fumaric acid and ammonia, neither of which are haram.","['e368', 'ammonium fumarate']"
e387,Oxystearin,A mixture of glycerides of partially oxidized stearic and other fatty acids.,uncertain,"The halal status of oxystearin is uncertain because the source of the fatty acids (stearic acid) is not always specified. If the stearic acid is derived from halal-slaughtered animals or vegetable sources, it is halal. If it is derived from non-halal sources, it is haram.","['e387', 'oxystearin']"
e384,Isopropyl Citrate Mixture,A food additive used as an antioxidant.,halal,Isopropyl citrate is generally considered halal as it is a synthetic compound and does not contain any haram substances.,"['e384', 'isopropyl citrate mixture', 'isopropyl citrate']"
e386,Disodium EDTA,A chelating agent used to prevent discoloration and flavor changes in food.,halal,Disodium EDTA is considered halal as it is a synthetic chemical and does not contain any haram substances.,"['e386', 'disodium edta', 'edta']"
e370,"1,4-Heptonolactone",A food additive.,uncertain,"There is not enough information available to determine the halal status of 1,4-Heptonolactone. More information about its source and manufacturing process is needed.","['e370', '1,4-heptonolactone']"
e383,Calcium Glycerophosphate,A source of calcium and phosphorus in food products.,halal,Calcium glycerophosphate is generally considered halal as it is a mineral salt and does not contain any haram substances.,"['e383', 'calcium glycerophosphate']"
sodium-alginate,Sodium Alginate,"A polysaccharide extracted from brown algae, used as a thickening, gelling, stabilizing, and emulsifying agent in various food products.",halal,Sodium alginate is derived from seaweed and does not contain any animal products or prohibited substances.,"['sodium-alginate', 'e401']"
rosemary-extract,Rosemary Extract,"A natural extract from the rosemary plant, used as an antioxidant and flavoring agent in food products.",halal,Rosemary extract is derived from a plant source and does not contain any animal products or prohibited substances.,"['rosemary-extract', 'e392']"
tocopherol-rich-extract,Tocopherol-Rich Extract,"A natural antioxidant derived from vegetable oils, used to prevent rancidity and extend the shelf life of food products.",halal,Tocopherol-rich extract is typically derived from vegetable oils and does not contain any animal products or prohibited substances.,"['tocopherol-rich-extract', 'e390']"
thioglycerol,Thioglycerol,A chemical compound used in the production of stabilizers. Information on its sources and processing is limited.,uncertain,"Due to limited information on the sources and processing methods of thioglycerol, its halal status is uncertain.","['thioglycerol', 'e388']"
phytic-acid,Phytic Acid,"A natural compound found in plant seeds, used as an antioxidant and chelating agent in food products.",halal,Phytic acid is derived from plant sources and does not contain any animal products or prohibited substances.,"['phytic-acid', 'e391']"
potassium-alginate,Potassium Alginate,"A salt of alginic acid, extracted from brown algae, used as a thickening, gelling, stabilizing, and emulsifying agent in various food products.",halal,Potassium alginate is derived from seaweed and does not contain any animal products or prohibited substances.,"['potassium-alginate', 'e402', 'e403']"
e409,Arabinogalactan,A polysaccharide consisting of arabinose and galactose. It is used as a dietary fiber and as a binder.,halal,"Arabinogalactan is derived from the larch tree, and does not contain any haram substances.","['e409', 'arabinogalactan']"
locust-bean-gum,Locust Bean Gum,A natural food additive used as a thickening agent and stabilizer.,halal,Locust bean gum is derived from the seeds of the carob tree and is considered halal.,"['e410', 'locust bean gum', 'carob bean gum']"
calcium-alginate,Calcium Alginate,"A salt of alginic acid. It is used in various applications, including food, for its thickening and gelling properties.",halal,Calcium alginate is derived from brown algae and is considered halal.,"['e404', 'calcium alginate', 'alginate']"
propylene-glycol-alginate,Propylene Glycol Alginate,"An ester of alginic acid. It is used as a stabilizer, thickener, and emulsifier in foods.",uncertain,"Propylene glycol alginate is derived from brown algae, but the use of propylene glycol in its production raises concerns. Some scholars consider all glycols to be halal while others consider them to be uncertain.","['e405', 'propylene glycol alginate']"
agar-agar,Agar-Agar,A jelly-like substance obtained from red algae. It is used as a vegetarian substitute for gelatin.,halal,Agar-agar is derived from red algae and is considered halal.,"['e406', 'agar-agar', 'agar']"
guar-gum,Guar Gum,A galactomannan polysaccharide extracted from guar beans that has thickening and stabilizing properties useful in food.,halal,Guar gum is derived from the guar bean and is considered halal.,"['e412', 'guar gum']"
furcellaran,Furcellaran,A polysaccharide extracted from red seaweed. It is used as a gelling agent and stabilizer in food products.,halal,Furcellaran is derived from red seaweed and is considered halal.,"['e408', 'furcellaran', 'danish agar']"
xanthan-gum,Xanthan Gum,"A polysaccharide secreted by the bacterium Xanthomonas campestris, used as a food additive and rheology modifier, commonly used as a thickening agent and stabilizer.",halal,"Xanthan gum is produced by microbial fermentation and does not contain any animal derivatives, and is considered halal.","['xanthan-gum', 'e415']"
tara-gum,Tara Gum,A galactomannan polysaccharide obtained from the endosperm of Tara tree seeds (Caesalpinia spinosa). It functions as a thickener and stabilizer in food.,halal,"Tara gum is derived from plant seeds and does not contain any animal derivatives, and is considered halal.","['tara-gum', 'e417']"
karaya-gum,Karaya Gum,"A vegetable gum obtained from the Sterculia urens tree. It is used as a thickener, emulsifier, and stabilizer in food products.",halal,"Karaya gum is a plant-based exudate and does not contain any animal derivatives, and is considered halal.","['karaya-gum', 'e416']"
mannitol,Mannitol,"A sugar alcohol used as a sweetener, texturizer, and humectant in foods and pharmaceuticals.",halal,"Mannitol is a sugar alcohol that can be derived from natural sources like seaweed or produced synthetically. It does not contain any animal derivatives, and is considered halal.","['mannitol', 'e421']"
gum-arabic,Gum Arabic,A natural gum consisting of hardened sap of various species of the acacia tree. It is used primarily in the food industry as a stabilizer.,halal,"Gum arabic is a plant-based exudate and does not contain any animal derivatives, and is considered halal.","['gum-arabic', 'e419']"
tragacanth-gum,Tragacanth Gum,"A natural gum obtained from the dried sap of several species of Middle Eastern legumes of the genus Astragalus. It is used as a thickener, stabilizer, and emulsifier.",halal,"Tragacanth gum is a plant-based exudate and does not contain any animal derivatives, and is considered halal.","['tragacanth-gum', 'e413']"
konjac-gum,Konjac Gum,"A water-soluble dietary fiber derived from the konjac plant. It is used as a thickener, stabilizer, and gelling agent in various food products.",halal,Konjac gum is derived from a plant source and does not contain any haram substances.,"['e425', 'konjac gum', 'konjac flour', 'konjac mannan']"
polyoxyethylene-40-stearate,Polyoxyethylene (40) Stearate,A synthetic polymer used as an emulsifier and stabilizer in food and cosmetic products.,uncertain,"Stearate can be derived from both plant and animal sources. If it is derived from non-halal animal sources, it would be considered haram.","['e431', 'polyoxyethylene (40) stearate', 'polyoxyethylene-40-stearate', 'polyoxyethylene 40 stearate']"
polyoxyethylene-20-stearate,Polyoxyethylene (20) Stearate,A synthetic polymer used as an emulsifier and stabilizer in food and cosmetic products.,uncertain,"Stearate can be derived from both plant and animal sources. If it is derived from non-halal animal sources, it would be considered haram.","['e430', 'polyoxyethylene (20) stearate', 'polyoxyethylene-20-stearate', 'polyoxyethylene 20 stearate']"
polyoxyethylene-sorbitan-monolaurate,Polyoxyethylene Sorbitan Monolaurate,"A nonionic surfactant and emulsifier used in foods, cosmetics, and pharmaceuticals.",uncertain,"It contains fatty acids, which can be of animal or plant origin. If of animal origin, it must be halal slaughtered animals.","['e432', 'polyoxyethylene sorbitan monolaurate', 'polysorbate 20', 'polyoxyethylene (20) sorbitan monolaurate']"
vegetable-gums,Vegetable Gums,"Various gums derived from plant sources, used as thickening or gelling agents.",halal,"If the source is purely vegetable, then it is halal.","['e427', 'vegetable gums']"
glycerol,Glycerol,"A simple polyol compound. It is a colorless, odorless, viscous liquid that is sweet-tasting and non-toxic.",uncertain,"Glycerol can be derived from both plant and animal sources. If it is derived from non-halal animal sources, it would be considered haram.","['e426', 'glycerol', 'glycerine']"
polyoxyethylene-sorbitan-monooleate,Polyoxyethylene Sorbitan Monooleate,"A nonionic surfactant and emulsifier used in foods, cosmetics, and pharmaceuticals.",uncertain,"It contains fatty acids, which can be of animal or plant origin. If of animal origin, it must be halal slaughtered animals.","['e433', 'polyoxyethylene sorbitan monooleate', 'polysorbate 80', 'polyoxyethylene (20) sorbitan monooleate']"
l-lactic-acid,L-Lactic Acid,"An organic acid produced by fermentation. It is used as a preservative, flavoring agent, and pH regulator in food products.",uncertain,"Lactic acid can be produced from both halal and haram sources. Without knowing the source, it is uncertain.","['e429', 'l-lactic acid', 'lactic acid']"
e444,Sucrose Acetate Isobutyrate,"A food additive used as an emulsifier and stabilizer, particularly in beverages.",uncertain,The halal status of E444 is uncertain due to potential use of non-halal processing aids or ingredients during manufacturing.,"['e444', 'sucrose acetate isobutyrate', 'saib']"
e445,Glycerol Ester of Wood Rosin,A food additive used as a stabilizer in beverages.,uncertain,"The source of glycerol and wood rosin needs to be halal. If they are not certified halal, then it is uncertain.","['e445', 'glycerol ester of wood rosin', 'glycerol ester of gum rosin']"
e434,Polysorbate 80,"A nonionic surfactant and emulsifier used in foods, pharmaceuticals, and cosmetics.",uncertain,"The source of fatty acids (oleic acid) used to produce Polysorbate 80 can be of animal or plant origin. If animal source is used, it must be halal slaughtered animal.","['e434', 'polysorbate 80', 'polyoxyethylene (20) sorbitan monooleate']"
e446,Microcrystalline Wax,"A purified mixture of solid, saturated hydrocarbons, mainly used as a food glazing agent.",uncertain,Halal status is uncertain due to lack of information on the manufacturing process and potential cross-contamination with non-halal substances.,"['e446', 'microcrystalline wax']"
pectin,Pectin,"A naturally occurring polysaccharide found in fruits, used as a gelling agent, thickener, and stabilizer in food products.",halal,"Pectin is derived from plant sources, typically citrus fruits or apples, and does not contain any animal-derived ingredients or haram substances.","['pectin', 'e440']"
e443,Brominated Vegetable Oil,Used as an emulsifier in citrus-flavored drinks.,uncertain,Halal status is uncertain due to concerns about the source and processing of the vegetable oil and the bromination process.,"['e443', 'brominated vegetable oil', 'bvo']"
e435,Polysorbate 60,An emulsifier used in a variety of food products.,uncertain,"The source of fatty acids (stearic acid) used to produce Polysorbate 60 can be of animal or plant origin. If animal source is used, it must be halal slaughtered animal.","['e435', 'polysorbate 60', 'polyoxyethylene (20) sorbitan monostearate']"
e436,Polysorbate 65,An emulsifier used in a variety of food products.,uncertain,"The source of fatty acids (tristearate) used to produce Polysorbate 65 can be of animal or plant origin. If animal source is used, it must be halal slaughtered animal.","['e436', 'polysorbate 65', 'polyoxyethylene (20) sorbitan tristearate']"
e442,Ammonium Phosphatides,"An emulsifier, mainly used in chocolate and cocoa products.",uncertain,The halal status of E442 is uncertain due to the possibility of the source of the ingredients being non-halal.,"['e442', 'ammonium phosphatides']"
e462,Ethylcellulose,"A cellulose derivative used as a coating agent, binder, and thickener in various food and pharmaceutical products.",halal,"Ethylcellulose is derived from cellulose, a natural polymer obtained from plant cell walls. The ethylation process does not introduce any haram substances, making it halal.","['e462', 'ethyl cellulose']"
e463,Hydroxypropylcellulose,"A cellulose ether used as a thickener, binder, and stabilizer in food, pharmaceutical, and cosmetic products.",halal,"Hydroxypropylcellulose is derived from cellulose, a natural polymer obtained from plant cell walls. The hydroxypropylation process does not introduce any haram substances, making it halal.","['e463', 'hydroxypropyl cellulose', 'HPC']"
e461,Methylcellulose,A chemical compound derived from cellulose. It is a hydrophilic white powder in pure form and dissolves in cold water to form a clear viscous solution or gel.,halal,"Methylcellulose is a cellulose derivative. Cellulose is a natural polymer obtained from plant cell walls. The methylation process does not introduce any haram substances, making it halal.","['e461', 'methyl cellulose', 'MC']"
e465,Ethyl Methyl Cellulose,"A cellulose derivative used as a thickener, emulsifier, and stabilizer in food products.",halal,"Ethyl methyl cellulose is derived from cellulose, a natural polymer obtained from plant cell walls. The ethylation and methylation processes do not introduce any haram substances, making it halal.","['e465', 'ethyl methyl cellulose', 'EMC']"
e459,Beta-Cyclodextrin,"A cyclic oligosaccharide used as a food additive to encapsulate and stabilize flavors, fragrances, and other ingredients.",halal,"Beta-cyclodextrin is typically produced from starch through enzymatic conversion. Since the process does not involve haram substances, it is considered halal unless contaminated with unlawful ingredients.","['e459', 'beta-cyclodextrin']"
e452,Polyphosphates,"A group of food additives used as emulsifiers, stabilizers, and water retention agents in processed foods.",halal,Polyphosphates are generally considered halal as they are inorganic salts derived from phosphoric acid. The manufacturing process does not involve any haram substances.,"['e452', 'polyphosphates', 'sodium polyphosphate', 'potassium polyphosphate', 'calcium polyphosphate']"
e464,Hydroxypropyl Methylcellulose,"A cellulose ether used as a thickener, binder, and film-forming agent in food, pharmaceutical, and cosmetic products.",halal,"Hydroxypropyl methylcellulose is derived from cellulose, a natural polymer obtained from plant cell walls. The hydroxypropylation and methylation processes do not introduce any haram substances, making it halal.","['e464', 'hydroxypropyl methylcellulose', 'HPMC']"
e469,Sodium Caseinate,"A protein derived from milk, used as an emulsifier, stabilizer, or thickener in various food products.",halal,"Sodium caseinate is derived from milk, which is considered halal. As long as the production process does not involve any haram substances, it is permissible.","['e469', 'sodium caseinate']"
e468,Cross-linked Sodium Carboxymethylcellulose,"A modified cellulose gum used as a stabilizer, thickener, and binder in food products.",halal,E468 is a cellulose derivative and is generally considered halal unless produced using haram substances.,"['e468', 'cross-linked sodium carboxymethylcellulose', 'crosslinked sodium carboxymethyl cellulose']"
e470b,Magnesium Salts of Fatty Acids,"A food additive used as an emulsifier, anti-caking agent, or release agent.",uncertain,"Fatty acids can be derived from both plant and animal sources. If the source is halal-slaughtered animal or plant-based, it is halal. If it is from non-halal animals, it is haram. Without knowing the source, it is uncertain.","['e470b', 'magnesium salts of fatty acids']"
e467,Ethyl Hydroxyethyl Cellulose,"A cellulose derivative used as a thickener, binder, and stabilizer in food products.",halal,E467 is a cellulose derivative and is generally considered halal unless produced using haram substances.,"['e467', 'ethyl hydroxyethyl cellulose']"
e471,Mono- and Diglycerides of Fatty Acids,A food additive used as an emulsifier.,uncertain,"Mono- and diglycerides can be derived from both plant and animal sources. If the source is halal-slaughtered animal or plant-based, it is halal. If it is from non-halal animals, it is haram. Without knowing the source, it is uncertain.","['e471', 'mono- and diglycerides of fatty acids', 'mono and diglycerides of fatty acids', 'glycerides']"
e470,Salts of Fatty Acids,"A food additive used as an emulsifier, anti-caking agent, or release agent.",uncertain,"Fatty acids can be derived from both plant and animal sources. If the source is halal-slaughtered animal or plant-based, it is halal. If it is from non-halal animals, it is haram. Without knowing the source, it is uncertain.","['e470', 'salts of fatty acids', 'sodium, potassium, calcium and magnesium salts of fatty acids']"
e475,Polyglycerol esters of fatty acids,Emulsifier consisting of polyglycerol esters with fatty acids. The fatty acids can be from either plant or animal sources.,uncertain,"The halal status depends on the source of the fatty acids. If they are from halal-slaughtered animals or vegetable sources, it is halal. If from non-halal animals, it is haram. Without knowing the source, it is uncertain.","['e475', 'polyglycerol esters of fatty acids']"
e474,Sucroglycerides,Emulsifier made from sugar and fats or oils.,uncertain,"The halal status depends on the source of the fats or oils. If they are from halal-slaughtered animals or vegetable sources, it is halal. If from non-halal animals, it is haram. Without knowing the source, it is uncertain.","['e474', 'sucroglycerides']"
e476,Polyglycerol polyricinoleate,"Emulsifier made from glycerol, ricinoleic acid (from castor beans), and fatty acids.",uncertain,"The halal status depends on the source of the fatty acids. If they are from halal-slaughtered animals or vegetable sources, it is halal. If from non-halal animals, it is haram. Without knowing the source, it is uncertain. However, most sources indicate that it is plant-derived.","['e476', 'polyglycerol polyricinoleate', 'pgpr']"
e473,Sucrose esters of fatty acids,Emulsifier made from sucrose and fatty acids.,uncertain,"The halal status depends on the source of the fatty acids. If they are from halal-slaughtered animals or vegetable sources, it is halal. If from non-halal animals, it is haram. Without knowing the source, it is uncertain.","['e473', 'sucrose esters of fatty acids']"
e480,Sodium Stearoyl Lactylate,An emulsifier and dough conditioner used in the food industry.,uncertain,"It can be derived from both plant-based and animal-based sources. If it is derived from plant-based sources, it is halal. If it is derived from animal-based sources, the animal must be halal and slaughtered according to Islamic guidelines for it to be halal.","['e480', 'sodium stearoyl lactylate']"
e485,Sodium Stearoyl Fumarate,A dough strengthener and emulsifier used in bakery products.,uncertain,"It can be derived from both plant-based and animal-based sources. If it is derived from plant-based sources, it is halal. If it is derived from animal-based sources, the animal must be halal and slaughtered according to Islamic guidelines for it to be halal.","['e485', 'sodium stearoyl fumarate']"
e482,Calcium Stearoyl Lactylate,An emulsifier and dough conditioner used in the food industry.,uncertain,"It can be derived from both plant-based and animal-based sources. If it is derived from plant-based sources, it is halal. If it is derived from animal-based sources, the animal must be halal and slaughtered according to Islamic guidelines for it to be halal.","['e482', 'calcium stearoyl lactylate']"
e478,"Lactylated fatty acid esters of glycerol and propane-1,2-diol",An emulsifier used in the food industry.,uncertain,"It can be derived from both plant-based and animal-based sources. If it is derived from plant-based sources, it is halal. If it is derived from animal-based sources, the animal must be halal and slaughtered according to Islamic guidelines for it to be halal.","['e478', 'lactylated fatty acid esters of glycerol and propane-1,2-diol']"
e479,Thermally Oxidized Soybean Oil Interacted with Mono- and Diglycerides of Fatty Acids,An emulsifier used in the food industry.,uncertain,"The halal status depends on the source of mono- and diglycerides. If they are derived from plant-based sources, it is halal. If they are derived from animal-based sources, the animal must be halal and slaughtered according to Islamic guidelines for it to be halal.","['e479', 'thermally oxidized soybean oil interacted with mono- and diglycerides of fatty acids']"
e484,Stearyl Tartrate,An emulsifier used in the food industry.,uncertain,"It can be derived from both plant-based and animal-based sources. If it is derived from plant-based sources, it is halal. If it is derived from animal-based sources, the animal must be halal and slaughtered according to Islamic guidelines for it to be halal.","['e484', 'stearyl tartrate']"
e477,"Propane-1, 2-diol esters of fatty acids",An emulsifier used in the food industry.,uncertain,"It can be derived from both plant-based and animal-based sources. If it is derived from plant-based sources, it is halal. If it is derived from animal-based sources, the animal must be halal and slaughtered according to Islamic guidelines for it to be halal.","['e477', 'propane-1, 2-diol esters of fatty acids']"
e483,Stearyl Tartrate,An emulsifier used in the food industry.,uncertain,"It can be derived from both plant-based and animal-based sources. If it is derived from plant-based sources, it is halal. If it is derived from animal-based sources, the animal must be halal and slaughtered according to Islamic guidelines for it to be halal.","['e483', 'stearyl tartrate']"
sorbitan-monostearate,Sorbitan Monostearate,"A nonionic surfactant and emulsifier used in foods, cosmetics, and pharmaceuticals.",uncertain,"It can be derived from both plant-based and animal-based sources. If it is derived from plant-based sources, it is halal. If it is derived from non-halal animal sources, it is haram.","['sorbitan monostearate', 'e491']"
sorbitan-monolaurate,Sorbitan Monolaurate,"A nonionic surfactant and emulsifier used in foods, cosmetics, and pharmaceuticals.",uncertain,"It can be derived from both plant-based and animal-based sources. If it is derived from plant-based sources, it is halal. If it is derived from non-halal animal sources, it is haram.","['sorbitan monolaurate', 'e493']"
sorbitan-tristearate,Sorbitan Tristearate,"A nonionic surfactant and emulsifier used in foods, cosmetics, and pharmaceuticals.",uncertain,"It can be derived from both plant-based and animal-based sources. If it is derived from plant-based sources, it is halal. If it is derived from non-halal animal sources, it is haram.","['sorbitan tristearate', 'e492']"
polyoxyethylene-20-sorbitan-monostearate,Polyoxyethylene (20) Sorbitan Monostearate,"A nonionic surfactant and emulsifier used in foods, cosmetics, and pharmaceuticals.",uncertain,"It can be derived from both plant-based and animal-based sources. If it is derived from plant-based sources, it is halal. If it is derived from non-halal animal sources, it is haram.","['polyoxyethylene (20) sorbitan monostearate', 'e495', 'polysorbate 60']"
sorbitan-monooleate,Sorbitan Monooleate,"A nonionic surfactant and emulsifier used in foods, cosmetics, and pharmaceuticals.",uncertain,"It can be derived from both plant-based and animal-based sources. If it is derived from plant-based sources, it is halal. If it is derived from non-halal animal sources, it is haram.","['sorbitan monooleate', 'e494']"
e505,Potassium Carbonates,"Potassium carbonates are salts of carbonic acid with potassium ions. They are used as acidity regulators, stabilizers, and raising agents in food products.",halal,Potassium carbonates are generally considered halal as they are produced from minerals and do not contain any haram substances.,"['e505', 'potassium carbonate', 'potassium bicarbonate', 'potash']"
e496,Sorbitan Trioleate,A mixture of partial esters of sorbitol and its mono- and dianhydrides with oleic acid.,uncertain,"The halal status of sorbitan trioleate depends on the source of the oleic acid. If the oleic acid is derived from plant-based sources, it is halal. If it is derived from animal sources, its halal status depends on whether the animal was halal and slaughtered according to Islamic guidelines.","['e496', 'sorbitan trioleate']"
e499,Sorbitan Monooleate Ethoxylated,Ethoxylated sorbitan monooleate is a nonionic surfactant and emulsifier. It is a polyethylene glycol ether of sorbitan monooleate.,uncertain,"The halal status of ethoxylated sorbitan monooleate depends on the source of the sorbitan monooleate. If the sorbitan monooleate is derived from plant-based sources, it is halal. If it is derived from animal sources, its halal status depends on whether the animal was halal and slaughtered according to Islamic guidelines.","['e499', 'sorbitan monooleate ethoxylated']"
e497,Sorbitan Monooleate Ethoxylated,Ethoxylated sorbitan monooleate is a nonionic surfactant and emulsifier. It is a polyethylene glycol ether of sorbitan monooleate.,uncertain,"The halal status of ethoxylated sorbitan monooleate depends on the source of the sorbitan monooleate. If the sorbitan monooleate is derived from plant-based sources, it is halal. If it is derived from animal sources, its halal status depends on whether the animal was halal and slaughtered according to Islamic guidelines.","['e497', 'sorbitan monooleate ethoxylated']"
e502,Potassium Carbonate,"Potassium carbonate is a salt used as a food additive for various purposes, including as a raising agent, stabilizer, and acidity regulator.",halal,Potassium carbonate is generally considered halal as it is produced from minerals and does not contain any haram substances.,"['e502', 'potassium carbonate', 'potassium bicarbonate']"
e504,Magnesium Carbonate,"Magnesium carbonate is a chemical compound used in food as an anti-caking agent, color retention agent, and carrier.",halal,Magnesium carbonate is generally considered halal as it is produced from minerals and does not contain any haram substances.,"['e504', 'magnesium carbonate', 'hydromagnesite']"
e498,Sorbitan Monostearate Ethoxylated,Ethoxylated sorbitan monostearate is a nonionic surfactant and emulsifier. It is a polyethylene glycol ether of sorbitan monostearate.,uncertain,"The halal status of ethoxylated sorbitan monostearate depends on the source of the sorbitan monostearate. If the sorbitan monostearate is derived from plant-based sources, it is halal. If it is derived from animal sources, its halal status depends on whether the animal was halal and slaughtered according to Islamic guidelines.","['e498', 'sorbitan monostearate ethoxylated']"
e501,Potassium Carbonates,"Potassium carbonates are salts of carbonic acid with potassium ions. They are used as acidity regulators, stabilizers, and raising agents in food products.",halal,Potassium carbonates are generally considered halal as they are produced from minerals and do not contain any haram substances.,"['e501', 'potassium carbonate', 'potassium bicarbonate']"
e500,Sodium Carbonates,"Sodium carbonates are salts of carbonic acid with sodium ions. They are used as acidity regulators, raising agents, and stabilizers in food products.",halal,Sodium carbonates are generally considered halal as they are produced from minerals and do not contain any haram substances.,"['e500', 'sodium carbonate', 'sodium bicarbonate', 'baking soda', 'washing soda']"
magnesium-chloride,Magnesium Chloride,"A chemical compound and a source of magnesium. It is used in various applications, including food production as a firming agent.",halal,Magnesium chloride is generally considered halal as it is a mineral salt and does not contain any haram substances.,"['magnesium chloride', 'e511']"
potassium-chloride,Potassium Chloride,"A metal halide salt composed of potassium and chloride. It is used in medicine, scientific applications, and food processing as a salt substitute.",halal,Potassium chloride is generally considered halal as it is a mineral salt and does not contain any haram substances.,"['potassium chloride', 'e508']"
ferrous-chloride,Ferrous Chloride,A chemical compound composed of iron and chlorine. It is used in various industrial applications.,uncertain,The Halal status of Ferrous Chloride is uncertain because the source of the iron used in its production needs to be verified to ensure it does not come from any non-halal source.,"['ferrous chloride', 'e506', 'iron(II) chloride']"
sodium-sulfate,Sodium Sulfate,A chemical compound used in the manufacturing of detergents and in the Kraft process of paper pulping.,halal,Sodium sulfate is generally considered halal as it is a mineral salt and does not contain any haram substances.,"['sodium sulfate', 'e514']"
potassium-sulfate,Potassium Sulfate,A non-flammable white crystalline salt used in fertilizers and as a food additive.,halal,Potassium sulfate is generally considered halal as it is a mineral salt and does not contain any haram substances.,"['potassium sulfate', 'e515']"
stannous-chloride,Stannous Chloride,A white crystalline solid used as a reducing agent and mordant. It may also be used as a food additive.,uncertain,The Halal status of Stannous Chloride is uncertain because the source of the tin used in its production needs to be verified to ensure it does not come from any non-halal source.,"['stannous chloride', 'e512', 'tin(II) chloride']"
hydrochloric-acid,Hydrochloric Acid,"A strong, corrosive acid used in many industrial processes.",halal,Hydrochloric acid is generally considered halal as it is a mineral acid and does not contain any haram substances.,"['hydrochloric acid', 'e507']"
sulfuric-acid,Sulfuric Acid,A highly corrosive strong mineral acid with numerous industrial applications.,halal,Sulfuric acid is generally considered halal as it is a mineral acid and does not contain any haram substances.,"['sulfuric acid', 'e513']"
e525,Potassium Hydroxide,A strong alkaline compound used as a pH regulator and stabilizer in food processing.,halal,Potassium hydroxide is generally considered halal as it is a synthetic chemical and does not contain any animal-derived ingredients.,"['e525', 'potassium hydroxide']"
e518,Magnesium Sulfate,"A chemical compound containing magnesium, sulfur and oxygen. It is used in food as a firming agent and flavor enhancer.",halal,Magnesium sulfate is generally considered halal as it is a naturally occurring mineral salt and does not contain any animal-derived ingredients.,"['e518', 'magnesium sulfate', 'epsom salt']"
e522,Aluminum Potassium Sulfate,A chemical compound commonly used as a firming agent in pickled foods.,halal,Aluminum potassium sulfate is generally considered halal as it is a mineral salt and does not contain any animal-derived ingredients.,"['e522', 'aluminum potassium sulfate', 'potash alum']"
e523,Ammonium Aluminum Sulfate,A chemical compound used as a firming agent and acidity regulator in food products.,halal,Ammonium aluminum sulfate is generally considered halal as it is a mineral salt and does not contain any animal-derived ingredients.,"['e523', 'ammonium aluminum sulfate', 'ammonium alum']"
e520,Aluminum Sulfate,"A chemical compound used as a firming agent, acidity regulator, and mordant in food processing.",halal,Aluminum sulfate is generally considered halal as it is a mineral salt and does not contain any animal-derived ingredients.,"['e520', 'aluminum sulfate']"
e519,Copper(II) Sulfate,A chemical compound used as a preservative and antimicrobial agent in food and agriculture.,uncertain,"While Copper(II) Sulfate is a chemical compound and not typically derived from animal sources, its use in food products may be subject to specific regulations and concerns. It is better to confirm its permissibility from a trusted Islamic scholar.","['e519', 'copper(ii) sulfate', 'cupric sulfate']"
e516,Calcium Sulfate,"A chemical compound used as a firming agent, flour treatment agent, and dough strengthener in food production.",halal,Calcium sulfate is generally considered halal as it is a mineral salt and does not contain any animal-derived ingredients.,"['e516', 'calcium sulfate', 'gypsum']"
e517,Ammonium Sulfate,A chemical compound used as a dough strengthener and acidity regulator in food processing.,halal,Ammonium sulfate is generally considered halal as it is a synthetic chemical and does not contain any animal-derived ingredients.,"['e517', 'ammonium sulfate']"
e521,Sodium Aluminum Sulfate,A chemical compound used as a firming agent and acidity regulator in food products.,halal,Sodium aluminum sulfate is generally considered halal as it is a mineral salt and does not contain any animal-derived ingredients.,"['e521', 'sodium aluminum sulfate', 'sas']"
e524,Sodium Hydroxide,A strong alkaline compound used as a pH regulator and stabilizer in food processing.,halal,Sodium hydroxide is generally considered halal as it is a synthetic chemical and does not contain any animal-derived ingredients.,"['e524', 'sodium hydroxide', 'caustic soda']"
e528,Potassium Lactate,"A potassium salt of lactic acid, used as a preservative and acidity regulator in food products.",halal,"Potassium lactate is generally considered halal as it is produced by the fermentation of sugar, which is a halal process. The potassium source is also halal.","['e528', 'potassium lactate']"
e531,Magnesium Lactate,"A magnesium salt of lactic acid, used as a acidity regulator and source of magnesium.",halal,"Magnesium lactate is generally considered halal as it is produced by the fermentation of sugar, which is a halal process. The magnesium source is also halal.","['e531', 'magnesium lactate']"
e535,Sodium Ferrocyanide,An anticaking agent used in table salt.,halal,Sodium ferrocyanide is a synthetic compound and is considered halal as it does not contain any animal products or non-halal substances.,"['e535', 'sodium ferrocyanide']"
e533,Sodium Orthosilicate,Used as a food additive.,uncertain,The halal status of sodium orthosilicate is uncertain due to limited information about its production process and potential sources of contamination.,"['e533', 'sodium orthosilicate']"
e530,Magnesium Oxide,"Used as an anticaking agent, acidity regulator, and color retention agent.",halal,Magnesium oxide is a mineral-derived compound and is considered halal as it does not contain any animal products or non-halal substances.,"['e530', 'magnesium oxide']"
e536,Potassium Ferrocyanide,An anticaking agent used in table salt.,halal,Potassium ferrocyanide is a synthetic compound and is considered halal as it does not contain any animal products or non-halal substances.,"['e536', 'potassium ferrocyanide']"
e529,Calcium Lactate,"A calcium salt of lactic acid, used as a firming agent, flavor enhancer, and acidity regulator.",halal,"Calcium lactate is generally considered halal as it is produced by the fermentation of sugar, which is a halal process. The calcium source is also halal.","['e529', 'calcium lactate']"
e532,Manganese Carbonate,Used as a food additive.,uncertain,The halal status of manganese carbonate is uncertain due to limited information about its production process and potential sources of contamination.,"['e532', 'manganese carbonate']"
e526,Calcium Hydroxide,"Used as a firming agent, acidity regulator, and neutralizer.",halal,Calcium hydroxide is a mineral-derived compound and is considered halal as it does not contain any animal products or non-halal substances.,"['e526', 'calcium hydroxide']"
e539,Sodium Thiosulphate,"A chemical compound used in photography, medicine, and as a food additive.",halal,Sodium thiosulphate is generally considered halal as it is a chemical compound and its production does not involve any haram substances.,"['e539', 'sodium thiosulphate', 'sodium thiosulfate']"
e544,Calcium Phosphate,"A calcium salt of phosphoric acid. It is used as an acidity regulator, anticaking agent, and stabilizer.",halal,Calcium phosphate is generally considered halal as it is a mineral salt and its production does not involve any haram substances.,"['e544', 'calcium phosphate']"
e540,Dicalcium Pyrophosphate,"A food additive used as a buffering agent, a leavening agent, and a source of calcium.",halal,Dicalcium pyrophosphate is generally considered halal as it is a mineral salt and its production does not involve any haram substances.,"['e540', 'dicalcium pyrophosphate']"
e538,Calcium Ferrocyanide,An anticaking agent used in the food industry to prevent clumping.,halal,Calcium ferrocyanide is generally considered halal as it is a synthetic compound and its production does not involve any haram substances.,"['e538', 'calcium ferrocyanide']"
e543,"Sodium Aluminium Phosphate, acidic",A food additive used as a leavening agent and acidity regulator.,halal,Sodium aluminium phosphate is generally considered halal as it is a mineral salt and its production does not involve any haram substances.,"['e543', 'sodium aluminium phosphate, acidic']"
e542,Bone Phosphate,"A form of calcium phosphate derived from animal bones, used as an anticaking agent and mineral supplement.",uncertain,"If the bones are from non-halal slaughtered animals, then it is haram. If the bones are from halal slaughtered animals, then it is halal. Due to the uncertainty of the source, the ruling is uncertain.","['e542', 'bone phosphate', 'tribasic calcium phosphate', 'bone ash']"
e545,Ammonium Polyphosphate,A chemical compound used as a flame retardant and fertilizer. It is not typically used in food.,uncertain,"While ammonium polyphosphate itself is not typically used in food, its halal status would depend on the source and processing of its components. Without specific information, it is best to consider it uncertain.","['e545', 'ammonium polyphosphate']"
e550,Sodium Silicate,An anticaking agent used in food production.,halal,Sodium silicate is generally considered halal as it is a mineral compound and its production does not involve any haram substances.,"['e550', 'sodium silicate']"
e537,Sodium Tartrate,"A salt of tartaric acid, used as an antioxidant and acidity regulator in food.",halal,"Sodium tartrate is generally considered halal as it is derived from tartaric acid, a natural acid found in fruits, and its production does not involve any haram substances.","['e537', 'sodium tartrate']"
e541,Sodium Aluminium Phosphate,A food additive used as a leavening agent and acidity regulator.,halal,Sodium aluminium phosphate is generally considered halal as it is a mineral salt and its production does not involve any haram substances.,"['e541', 'sodium aluminium phosphate']"
e556,Potassium Aluminium Silicate,A food additive used as an anticaking agent.,halal,E556 is generally considered halal as it is a mineral-based additive and does not contain any animal-derived ingredients.,"['e556', 'potassium aluminium silicate']"
e557,Zinc Silicate,A food additive used as an anticaking agent.,halal,E557 is generally considered halal as it is a mineral-based additive and does not contain any animal-derived ingredients.,"['e557', 'zinc silicate']"
e553b,Magnesium Silicate,A food additive used as an anticaking agent.,halal,E553b is generally considered halal as it is a mineral-based additive and does not contain any animal-derived ingredients.,"['e553b', 'magnesium silicate', 'synthetic magnesium silicate']"
e555,Potassium Aluminium Silicate,A food additive used as an anticaking agent and a pigment.,halal,E555 is generally considered halal as it is a mineral-based additive and does not contain any animal-derived ingredients.,"['e555', 'potassium aluminium silicate', 'mica', 'potassium aluminum silicate']"
e559,Aluminium Silicate,A food additive used as an anticaking agent.,uncertain,"There is conflicting information regarding the Halal status of E559. Some sources state that it is Halal because it is a mineral, while others suggest uncertainty due to the manufacturing process and potential contamination.","['e559', 'aluminium silicate', 'aluminum silicate', 'kaolin']"
e554,Sodium Aluminosilicate,A food additive used as an anticaking agent.,halal,E554 is generally considered halal as it is a mineral-based additive and does not contain any animal-derived ingredients.,"['e554', 'sodium aluminosilicate', 'sodium aluminium silicate']"
e553a,Magnesium Silicate,A food additive used as an anticaking agent.,halal,E553a is generally considered halal as it is a mineral-based additive and does not contain any animal-derived ingredients.,"['e553a', 'magnesium silicate', 'e553(a)', 'e553(i)', 'e553(ii)', 'talc']"
e551,Silicon Dioxide,A food additive used as an anticaking agent.,halal,E551 is generally considered halal as it is a mineral-based additive and does not contain any animal-derived ingredients.,"['e551', 'silicon dioxide', 'silica']"
e558,Bentonite,A food additive used as an anticaking agent.,halal,E558 is generally considered halal as it is a mineral-based additive and does not contain any animal-derived ingredients.,"['e558', 'bentonite']"
e566,Sodium Aluminium Silicate,A food additive used as an anticaking agent.,uncertain,"Some silicates are synthetically produced, while others are derived from natural sources. Without detailed information on the specific production and source, halal status cannot be determined.","['e566', 'sodium aluminium silicate', 'sodium aluminosilicate']"
e570,Stearic Acid,"A saturated fatty acid used as a food additive, lubricant, and release agent.",uncertain,"Stearic acid can be derived from both plant and animal sources. If it is derived from non-halal animals, it is considered haram. Without knowing the source, it is uncertain.","['e570', 'stearic acid']"
e560,Potassium Silicate,A food additive used as a stabilizer and binder.,uncertain,Potassium silicate is generally produced synthetically or from mineral sources. The halal status depends on the specific production process and the absence of any haram substances.,"['e560', 'potassium silicate']"
e575,Glucono-delta-lactone,"A food additive used as a sequestrant, acidifier, or curing agent.",halal,"Glucono-delta-lactone is typically produced by the oxidation of glucose, a sugar derived from plant sources. The production process does not involve any haram substances.","['e575', 'glucono-delta-lactone', 'gluconolactone', 'GDL']"
e572,Magnesium Stearate,"A metallic soap used as a food additive, release agent, and lubricant.",uncertain,"Stearate can be derived from both plant and animal sources. If it is derived from non-halal animals, it is considered haram. Without knowing the source, it is uncertain.","['e572', 'magnesium stearate']"
e563,Hydrated Magnesium Silicate,A food additive used as an anticaking agent.,uncertain,Hydrated magnesium silicate is derived from natural mineral sources. The halal status depends on the absence of any contamination with haram substances during processing.,"['e563', 'hydrated magnesium silicate', 'talc']"
e561,Magnesium Silicate,A food additive used as an anticaking agent.,uncertain,Magnesium silicate is derived from natural mineral sources. The halal status depends on the absence of any contamination with haram substances during processing.,"['e561', 'magnesium silicate']"
e562,Sodium Aluminium Silicate,A food additive used as an anticaking agent.,uncertain,"Some silicates are synthetically produced, while others are derived from natural sources. Without detailed information on the specific production and source, halal status cannot be determined.","['e562', 'sodium aluminium silicate', 'sodium aluminosilicate']"
e574,Gluconic Acid,A food additive used as an acidity regulator.,halal,"Gluconic acid is produced by the oxidation of glucose, a sugar derived from plant sources. The production process does not involve any haram substances.","['e574', 'gluconic acid']"
e565,Silicon Dioxide,A food additive used as an anticaking agent.,halal,Silicon dioxide is a naturally occurring compound and is generally considered halal unless it is processed with haram substances.,"['e565', 'silicon dioxide', 'silica']"
e579,Calcium Stearoyl-2-lactylate,A food additive used as an emulsifier and dough conditioner.,uncertain,"It can be derived from both plant-based and animal-based sources. If it is derived from plant-based sources, it is halal. If it is derived from non-halal animal sources, it is haram.","['e579', 'calcium stearoyl-2-lactylate']"
e620,L-Glutamic Acid,A naturally occurring non-essential amino acid. It functions as a neurotransmitter in the human body.,halal,Glutamic acid is an amino acid and is halal if produced from halal sources.,"['e620', 'l-glutamic acid', 'glutamic acid']"
e576,Sodium Gluconate,"A sequestering agent, cleaning product, and food additive.",halal,"Sodium gluconate is the sodium salt of gluconic acid, produced by fermentation of glucose. Since the fermentation process typically uses halal ingredients, it is considered halal unless otherwise specified.","['e576', 'sodium gluconate']"
e580,Magnesium Gluconate,A mineral supplement and food additive.,halal,"Magnesium gluconate is the magnesium salt of gluconic acid, produced by fermentation of glucose. Since the fermentation process typically uses halal ingredients, it is considered halal unless otherwise specified.","['e580', 'magnesium gluconate']"
e585,Ferrous Lactate,A food additive used as an acidity regulator and iron source.,uncertain,"Lactic acid, which is a component of ferrous lactate, can be derived from either plant or animal sources. If the lactic acid is derived from non-halal animal sources, the ferrous lactate would be considered haram.","['e585', 'ferrous lactate']"
e586,4-Hexylresorcinol,A food additive used to prevent discoloration in shrimp and shellfish.,uncertain,The halal status of 4-hexylresorcinol is uncertain due to limited information about its sources and manufacturing process.,"['e586', '4-hexylresorcinol']"
e577,Calcium Stearate,"A white, waxy powder used as a food additive, plastic lubricant, and release agent.",uncertain,"Stearic acid, a component of calcium stearate, can be derived from both plant and animal sources. If it is derived from non-halal animal sources, the calcium stearate would be considered haram.","['e577', 'calcium stearate']"
e578,Magnesium Stearate,"A white powder used as a food additive, anti-caking agent, and release agent.",uncertain,"Stearic acid, a component of magnesium stearate, can be derived from both plant and animal sources. If it is derived from non-halal animal sources, the magnesium stearate would be considered haram.","['e578', 'magnesium stearate']"
e628,E628,A food additive that is a salt of guanylic acid.,uncertain,"E628, also known as 5'-Guanylate, dipotassium; Dipotassium guanylate; Potassium 5'-guanylate, is a salt of guanylic acid. Guanylic acid can be derived from yeast extract or fish. If derived from halal sources, it is halal. Otherwise, it is haram. Without knowing the source, the ruling is uncertain.","['e628', ""dipotassium-5'-guanylate""]"
e625,E625,A food additive that is a salt of glutamic acid.,halal,"E625, also known as monoammonium glutamate, is a salt of glutamic acid. Glutamic acid is typically produced through fermentation of plant-based sources such as sugar cane, sugar beets, or molasses. Since the process does not involve haram substances, it is considered halal unless contaminated with unlawful ingredients.","['e625', 'monoammonium-glutamate']"
msg,Monosodium Glutamate,"A flavor enhancer commonly added to processed foods, soups, sauces, and snacks.",halal,"MSG is typically produced through fermentation of plant-based sources such as sugar cane, sugar beets, or molasses. Since the process does not involve haram substances, it is considered halal unless contaminated with unlawful ingredients.","['monosodium-glutamate', 'msg', 'e621', 'sodium-glutamate', 'flavor-enhancer-621']"
e630,Inosinic Acid,A flavor enhancer.,uncertain,"E630, also known as inosinic acid, is a naturally occurring acid that is used as a flavor enhancer. It can be derived from meat or produced synthetically. If derived from halal sources, it is halal. Otherwise, it is haram. Without knowing the source, the ruling is uncertain.","['e630', 'inosinic-acid']"
e623,E623,A food additive that is a salt of glutamic acid.,halal,"E623, also known as calcium diglutamate, is a salt of glutamic acid. Glutamic acid is typically produced through fermentation of plant-based sources such as sugar cane, sugar beets, or molasses. Since the process does not involve haram substances, it is considered halal unless contaminated with unlawful ingredients.","['e623', 'calcium-diglutamate']"
e624,E624,A food additive that is a salt of glutamic acid.,halal,"E624, also known as monoammonium glutamate, is a salt of glutamic acid. Glutamic acid is typically produced through fermentation of plant-based sources such as sugar cane, sugar beets, or molasses. Since the process does not involve haram substances, it is considered halal unless contaminated with unlawful ingredients.","['e624', 'monoammonium-glutamate']"
e622,E622,A food additive that is a salt of glutamic acid.,halal,"E622, also known as monopotassium glutamate, is a salt of glutamic acid. Glutamic acid is typically produced through fermentation of plant-based sources such as sugar cane, sugar beets, or molasses. Since the process does not involve haram substances, it is considered halal unless contaminated with unlawful ingredients.","['e622', 'monopotassium-glutamate']"
e626,Guanylic Acid,A flavor enhancer.,uncertain,"E626, also known as guanylic acid, is a naturally occurring acid that is used as a flavor enhancer. It can be derived from yeast extract or fish. If derived from halal sources, it is halal. Otherwise, it is haram. Without knowing the source, the ruling is uncertain.","['e626', 'guanylic-acid']"
e641,L-Leucine,An essential amino acid.,uncertain,"L-Leucine can be derived from various sources, including animal and plant sources. If it is derived from non-halal animal sources, it would be considered haram. Without knowing the source, it is uncertain.","['e641', 'l-leucine']"
e636,Maltol,A flavor enhancer.,halal,"Maltol is usually synthesized from naturally occurring substances, and the synthesis process does not involve any non-halal ingredients.","['e636', 'maltol']"
e632,Dipotassium Inosinate,A flavor enhancer.,halal,"Dipotassium inosinate is a flavor enhancer typically derived from meat or fish. If derived from halal sources, it is permissible.","['e632', 'dipotassium inosinate']"
e633,Calcium Inosinate,A flavor enhancer.,uncertain,"Calcium inosinate is a flavor enhancer typically derived from meat or fish. The halal status depends on the source. If derived from non-halal sources, it is not permissible.","['e633', 'calcium inosinate']"
e650,Zinc Acetate,Used as a source of zinc in dietary supplements and as a food additive.,halal,Zinc acetate is a chemical compound generally considered halal as it does not contain any haram substances.,"['e650', 'zinc acetate']"
e634,Calcium 5'-Ribonucleotides,A flavor enhancer.,uncertain,"Calcium 5'-ribonucleotides are generally produced from meat or fish. If derived from halal sources, it is permissible. If derived from non-halal sources, it is not permissible.","['e634', ""calcium 5'-ribonucleotides""]"
e637,Ethyl Maltol,A flavor enhancer.,halal,Ethyl maltol is a synthetic flavor enhancer and is halal as long as the ingredients used in its production are halal.,"['e637', 'ethyl maltol']"
e640,Glycine,An amino acid used as a sweetener or flavor enhancer.,uncertain,"Glycine can be synthesized or extracted from animal protein. If it is derived from non-halal animal sources, it would be considered haram. Without knowing the source, it is uncertain.","['e640', 'glycine']"
e710,E710,A food additive,uncertain,There is not enough information to determine whether this product is halal or haram.,['e710']
e702,E702,A food additive,uncertain,There is not enough information to determine whether this product is halal or haram.,['e702']
e705,E705,A food additive,uncertain,There is not enough information to determine whether this product is halal or haram.,['e705']
e701,Tetracycline,An antibiotic used in food production.,uncertain,"The permissibility of tetracycline depends on its usage and potential impact on the animal. If it is used as a growth promoter, it is not permissible. If it is used as a medication, it is permissible.","['e701', 'tetracycline']"
e704,E704,A food additive,uncertain,There is not enough information to determine whether this product is halal or haram.,['e704']
e654,Ethyl Vanillin,"A synthetic flavoring compound, similar to vanillin, used to impart a vanilla flavor.",halal,"Ethyl vanillin is synthetically produced and does not contain any animal-derived ingredients, making it halal.","['ethyl vanillin', 'e654']"
e703,E703,A food additive,uncertain,There is not enough information to determine whether this product is halal or haram.,['e703']
e708,E708,A food additive,uncertain,There is not enough information to determine whether this product is halal or haram.,['e708']
e706,E706,A food additive,uncertain,There is not enough information to determine whether this product is halal or haram.,['e706']
e707,E707,A food additive,uncertain,There is not enough information to determine whether this product is halal or haram.,['e707']
e716,E716,Food additive,uncertain,No definitive information is available to determine whether E716 is halal or haram. Further investigation is needed to ascertain its source and production method.,['e716']
e717,E717,Food additive,uncertain,No definitive information is available to determine whether E717 is halal or haram. Further investigation is needed to ascertain its source and production method.,['e717']
e713,E713,Food additive,uncertain,No definitive information is available to determine whether E713 is halal or haram. Further investigation is needed to ascertain its source and production method.,['e713']
e715,E715,Food additive,uncertain,No definitive information is available to determine whether E715 is halal or haram. Further investigation is needed to ascertain its source and production method.,['e715']
e711,E711,Food additive,uncertain,No definitive information is available to determine whether E711 is halal or haram. Further investigation is needed to ascertain its source and production method.,['e711']
e714,E714,Food additive,uncertain,No definitive information is available to determine whether E714 is halal or haram. Further investigation is needed to ascertain its source and production method.,['e714']
e712,E712,Food additive,uncertain,No definitive information is available to determine whether E712 is halal or haram. Further investigation is needed to ascertain its source and production method.,['e712']
e905c,Petroleum Wax,"A synthetic wax derived from petroleum, used as a coating agent.",halal,"Petroleum wax is derived from mineral sources and does not contain any animal-derived ingredients, making it halal.","['e905c', 'petroleum wax']"
e906,Benzoic Acid,A preservative used in food and cosmetics.,halal,"Benzoic acid is synthetically produced and does not contain any animal-derived ingredients, making it halal.","['e906', 'benzoic acid']"
e907,Microcrystalline Wax,"A type of wax produced by de-oiling petrolatum, as part of the petroleum refining process.",halal,"Microcrystalline wax is derived from mineral sources and does not contain any animal-derived ingredients, making it halal.","['e907', 'microcrystalline wax']"
e905b,Petroleum Wax,"A synthetic wax derived from petroleum, used as a coating agent.",halal,"Petroleum wax is derived from mineral sources and does not contain any animal-derived ingredients, making it halal.","['e905b', 'petroleum wax']"
e905a,Mineral Oil,"A colorless, odorless oil derived from petroleum, used as a lubricant and coating agent.",halal,"Mineral oil is derived from mineral sources and does not contain any animal-derived ingredients, making it halal.","['e905a', 'mineral oil']"
e905,Mineral Oil,"A colorless, odorless oil derived from petroleum, used as a lubricant and coating agent.",halal,"Mineral oil is derived from mineral sources and does not contain any animal-derived ingredients, making it halal.","['e905', 'mineral oil']"
e919,Glyceryl polyethylene glycol ricinoleate,"Emulsifier, coating agent, glazing agent.",uncertain,"The halal status depends on the source and processing of the ingredients, specifically the ricinoleic acid and polyethylene glycol. If they are derived from halal sources and processed without haram substances, it is halal. Otherwise, it is uncertain.","['e919', 'glyceryl polyethylene glycol ricinoleate']"
e910,L-cysteine,An amino acid used in the food industry as a dough conditioner and flavor enhancer.,uncertain,"L-cysteine can be derived from various sources, including human hair, feathers, and animal products. If it is derived from halal sources, it is permissible; otherwise, it is considered haram. Due to the uncertainty of the source, it is best to consider it uncertain unless the source is explicitly halal.","['e910', 'l-cysteine']"
e911,Ethyl ester of rosin,A glazing agent used on chewing gum and some confectionary products.,uncertain,"Ethyl ester of rosin is derived from wood rosin, which is generally considered halal. However, the ethyl alcohol used in the esterification process needs to be confirmed as not being derived from haram sources. Due to this uncertainty, it is best to consider it uncertain unless the source is explicitly halal.","['e911', 'ethyl ester of rosin', 'wood rosin ester']"
e918,Silicon dioxide,Anticaking agent.,halal,Silicon dioxide is a naturally occurring compound and is generally considered halal.,"['e918', 'silicon dioxide', 'silica']"
calcium-acetate,Calcium Acetate,"A calcium salt of acetic acid. It is used as a food additive, stabilizer, and buffer.",halal,"Calcium acetate is generally considered halal as it is a chemical compound typically synthesized from acetic acid and a calcium source, neither of which are haram.","['calcium acetate', 'e263']"
e399,Calcium Lactate,"A calcium salt of lactic acid, used as a firming agent, flavor enhancer, or acidity regulator in foods.",uncertain,"Lactic acid, from which calcium lactate is derived, can be produced from either animal or plant sources. If it's from an animal source and not halal-slaughtered, it would be considered haram. Without knowing the source, it is uncertain.","['e399', 'calcium lactate']"
e389,Ferrous Lactate,A compound used as a food additive to provide iron and improve the color and texture of certain foods.,uncertain,"Lactic acid, from which ferrous lactate is derived, can be produced from either animal or plant sources. If it's from an animal source and not halal-slaughtered, it would be considered haram. Without knowing the source, it is uncertain.","['e389', 'ferrous lactate']"
allantoin,Allantoin,A chemical compound with the formula C4H6N4O3. It is a diureide of glyoxylic acid. It is also known as glyoxyldiureide. It is present in mammals and plants.,halal,"Allantoin is found in plants like comfrey, chamomile, and wheat sprouts. It can also be synthesized. Both sources are halal.","['e411', 'allantoin', 'glyoxyldiureide']"
gellan-gum,Gellan Gum,"A polysaccharide produced by bacterial fermentation, used as a gelling agent, stabilizer, or thickener in various food products.",halal,"Gellan gum is produced by microbial fermentation of a pure culture of a naturally occurring microorganism, typically a strain of Sphingomonas elodea. The fermentation process and the ingredients used are halal-compliant.","['gellan-gum', 'e418']"
gelatin,Gelatin,"A gelling agent obtained by boiling collagen from animal bones, skin, and connective tissues. It is widely used in candies, desserts, capsules, and dairy products.",uncertain,Gelatin can be derived from both halal sources (fish or halal-slaughtered bovine) and haram sources (such as pigs or non-halal-slaughtered cattle).,"['e441', 'gelatin', 'gelatine', 'hydrolyzed collagen']"
glycerol-monostearate,Glycerol Monostearate,"An emulsifier, thickening agent, and preservative used in food products.",uncertain,"Glycerol monostearate can be derived from both plant and animal sources. If it is derived from non-halal animal sources, it is considered haram. Without knowing the source, it is uncertain.","['e486', 'glycerol monostearate', 'glyceryl monostearate', 'glycerine monostearate']"
e487,Sodium Stearoyl Tartrate,An emulsifier used in the food industry.,uncertain,"The halal status depends on the source of tartaric acid and stearic acid. If they are plant-based, it is halal. If the sources are animal-based and not halal-slaughtered, it is haram. Due to the uncertainty of the sources, it is considered uncertain.","['e487', 'sodium stearoyl tartrate']"
e489,Ethyl Hydroxymethyl Cellulose,A cellulose derivative used as a stabilizer and thickener in food.,halal,"It is a cellulose derivative, and cellulose is generally sourced from plants, making it halal unless produced using haram ingredients.","['e489', 'ethyl hydroxymethyl cellulose']"
e490,Isopropyl Alcohol,"A solvent and cleaning agent, sometimes used in food processing.",uncertain,"While isopropyl alcohol itself is not intended to be consumed, its use in food processing raises concerns. If it is ensured that no residue remains in the final product, it may be permissible. However, due to the uncertainty and differing scholarly opinions, it is best to consider it uncertain.","['e490', 'isopropyl alcohol', 'isopropanol', '2-propanol']"
e488,Oxystearin,A mixture of glycerides of partially oxidized stearic and other fatty acids.,uncertain,"The halal status depends on the source of the stearic acid. If it is plant-based, it is halal. If the source is animal-based and not halal-slaughtered, it is haram. Due to the uncertainty of the source, it is considered uncertain.","['e488', 'oxystearin']"
e598,Ethyl Maltol,A synthetic flavoring compound used as a flavor enhancer.,halal,"Ethyl maltol is synthetically produced and does not contain any animal-derived ingredients or alcohol. Therefore, it is considered halal.","['e598', 'ethyl maltol']"
e599,Not available,No information found,uncertain,No information found to determine halal status.,['e599']
l-cysteine,L-Cysteine,"An amino acid used in the food industry, often as a dough conditioner.",uncertain,"L-Cysteine can be derived from various sources, including human hair, animal feathers, or through microbial fermentation. The halal status depends on the source and processing method. If it's derived from human hair or non-halal animals, it is considered haram. If derived from halal sources or microbial fermentation using halal ingredients, it is considered halal. Due to the uncertainty of the source, it is best to consider it uncertain unless the source is explicitly known and halal.","['l-cysteine', 'e921']"
potassium-bromate,Potassium Bromate,"An oxidizing agent used as a food additive, mainly in bread production.",uncertain,"Although Potassium Bromate is a chemical substance and not directly sourced from animals, there are some concerns about its safety and potential toxicity. Some Islamic scholars may consider potentially harmful additives as questionable. However, the primary concern is regarding health rather than permissibility. Therefore, it is best to avoid it if possible.","['potassium bromate', 'e924b', 'e923']"
chlorine,Chlorine,"A chemical element used in various industrial processes, including water treatment and bleaching.",uncertain,"Chlorine itself is a chemical element and is not directly sourced from animals. However, it is used in the food industry for various purposes, including bleaching flour. The permissibility depends on whether the process leaves any harmful or impure residues in the food. If the chlorine is completely removed or neutralized and does not pose a health risk, it may be considered permissible. However, due to the uncertainty of the process, it is best to consider it uncertain unless it is confirmed that no harmful residues remain.","['chlorine', 'e925']"
benzoyl-peroxide,Benzoyl Peroxide,A chemical compound used as a medication and an industrial chemical.,uncertain,"Benzoyl Peroxide is a chemical compound and is not directly sourced from animals. However, it is used in the food industry for various purposes, including bleaching flour. The permissibility depends on whether the process leaves any harmful or impure residues in the food. If the benzoyl peroxide is completely removed or neutralized and does not pose a health risk, it may be considered permissible. However, due to the uncertainty of the process, it is best to consider it uncertain unless it is confirmed that no harmful residues remain.","['benzoyl peroxide', 'e928']"
l-cysteine-hydrochloride,L-Cysteine Hydrochloride,"An amino acid used in the food industry, often as a dough conditioner.",uncertain,"L-Cysteine Hydrochloride can be derived from various sources, including human hair, animal feathers, or through microbial fermentation. The halal status depends on the source and processing method. If it's derived from human hair or non-halal animals, it is considered haram. If derived from halal sources or microbial fermentation using halal ingredients, it is considered halal. Due to the uncertainty of the source, it is best to consider it uncertain unless the source is explicitly known and halal.","['l-cysteine hydrochloride', 'e922']"
chlorine-dioxide,Chlorine Dioxide,A chemical compound used for bleaching and disinfecting.,uncertain,"Chlorine Dioxide is a chemical compound and is not directly sourced from animals. However, it is used in the food industry for various purposes, including bleaching flour. The permissibility depends on whether the process leaves any harmful or impure residues in the food. If the chlorine dioxide is completely removed or neutralized and does not pose a health risk, it may be considered permissible. However, due to the uncertainty of the process, it is best to consider it uncertain unless it is confirmed that no harmful residues remain.","['chlorine dioxide', 'e926']"
potassium-iodate,Potassium Iodate,"An oxidizing agent used as a food additive, mainly in bread production.",uncertain,"Although Potassium Iodate is a chemical substance and not directly sourced from animals, there are some concerns about its safety and potential toxicity. Some Islamic scholars may consider potentially harmful additives as questionable. However, the primary concern is regarding health rather than permissibility. Therefore, it is best to avoid it if possible.","['potassium iodate', 'e924']"
e930,Carbon Dioxide,"A gas used as a food additive for various purposes, including carbonation and as a propellant.",halal,Carbon dioxide is a naturally occurring gas and is permissible for consumption.,"['e930', 'carbon dioxide']"
e938,Argon,A noble gas used in food packaging to prevent oxidation and prolong shelf life.,halal,Argon is an inert gas and does not react with food. It is permissible for use in food packaging.,"['e938', 'argon']"
e943a,Butane,A propellant used in aerosol sprays for food products.,halal,Butane is a saturated hydrocarbon and is permissible for use as a propellant in food products.,"['e943a', 'butane']"
e940,Dichlorodifluoromethane,"A propellant gas, formerly used in aerosols.",uncertain,"There is not enough information to determine the Halal status of Dichlorodifluoromethane. Further investigation is needed to ascertain its source, production process, and potential contaminants.","['e940', 'dichlorodifluoromethane']"
e941,Nitrogen,A gas used in food packaging to displace oxygen and prevent spoilage.,halal,Nitrogen is an inert gas and is permissible for use in food packaging.,"['e941', 'nitrogen']"
e942,Nitrous Oxide,A propellant used in aerosol sprays for food products.,halal,Nitrous oxide is a chemical compound that is generally permissible for use as a propellant in food products.,"['e942', 'nitrous oxide']"
e944,Propane,A propellant used in aerosol sprays for food products.,halal,Propane is a saturated hydrocarbon and is permissible for use as a propellant in food products.,"['e944', 'propane']"
e929,Hexamethylene Tetramine,A preservative used in some food products.,uncertain,"There is not enough information to determine the Halal status of Hexamethylene Tetramine. Further investigation is needed to ascertain its source, production process, and potential contaminants.","['e929', 'hexamethylene tetramine']"
e939,Helium,A gas used as a propellant.,halal,Helium is an inert gas and is permissible for use as a propellant.,"['e939', 'helium']"
e954,Isomalt,A sugar substitute used in sugar-free candies and chewing gum.,halal,Isomalt is a sugar alcohol derived from beet sugar. It is generally considered halal as the source and processing do not involve any haram substances.,"['e954', 'isomalt']"
e946,Octafluoropropane,A propellant gas.,uncertain,The Halal status of Octafluoropropane is uncertain due to limited information on its sources and manufacturing processes. Further investigation is required to determine its compliance with Halal standards.,"['e946', 'octafluoropropane']"
e949,Hydrogen,"A gas used in various industrial processes, including food processing.",halal,"Hydrogen itself is considered halal as it is a basic element and does not contain any haram substances. However, its halal status in food processing depends on the specific application and any additives or processes it is used in.","['e949', 'hydrogen']"
e953,Isomaltitol,A sugar alcohol used as a sweetener.,halal,Isomaltitol is a sugar alcohol derived from isomalt. It is generally considered halal as the source and processing do not involve any haram substances.,"['e953', 'isomaltitol']"
sucralose,Sucralose,An artificial sweetener.,halal,Sucralose is an artificial sweetener that is generally considered halal as it is not derived from animal products or alcohol.,"['e955', 'sucralose']"
e945,Chloropentafluoroethane,A propellant gas.,uncertain,The Halal status of Chloropentafluoroethane is uncertain due to limited information on its sources and manufacturing processes. Further investigation is required to determine its compliance with Halal standards.,"['e945', 'chloropentafluoroethane']"
e948,Oxygen,A gas used in modified atmosphere packaging.,halal,Oxygen is a naturally occurring gas and is considered halal.,"['e948', 'oxygen']"
e958,E958,Glycyrrhizin is a natural sweetener extracted from licorice root.,halal,"Glycyrrhizin is extracted from licorice root, which is a plant-based source. Plant-based sources are generally considered halal unless processed with haram substances.","['e958', 'glycyrrhizin', 'licorice extract']"
e964,Isomaltulose,Isomaltulose is a naturally occurring disaccharide found in honey and sugar cane. It is also known as palatinose.,halal,"Isomaltulose is a naturally occurring sugar, and sugars are considered halal unless they are processed using haram substances.","['e964', 'isomaltulose', 'palatinose']"
e961,Neotame,Neotame is an artificial sweetener.,halal,"Neotame is produced synthetically and does not contain any animal products or alcohol. Therefore, it is considered halal.","['e961', 'neotame']"
e966,Lactitol,Lactitol is a sugar alcohol used as a low-calorie sweetener and bulking agent.,halal,"Lactitol is a sugar alcohol derived from lactose. As long as the lactose source is halal (e.g., from cow's milk from halal-slaughtered animals), lactitol is considered halal.","['e966', 'lactitol']"
e959,Neohesperidin Dihydrochalcone,Neohesperidin dihydrochalcone (NHDC) is a semi-synthetic sweetener derived from citrus fruits.,halal,"NHDC is derived from citrus fruits, which are considered halal. The semi-synthetic process does not necessarily render it haram unless haram substances are used in the process.","['e959', 'neohesperidin dihydrochalcone', 'nhdc']"
e965,Maltitol,Maltitol is a sugar alcohol used as a sweetener.,halal,"Maltitol is a sugar alcohol derived from starch, typically corn or wheat. These sources are halal, and the manufacturing process generally does not involve haram substances.","['e965', 'maltitol', 'hydrogenated starch hydrolysate']"
e957,Thaumatin,Thaumatin is a low-calorie sweetener and flavor modifier. It is a protein extracted from the katemfe fruit of West Africa.,halal,"Thaumatin is a protein extracted from a fruit, and plant-based sources are generally considered halal unless processed with haram substances.","['e957', 'thaumatin']"
e956,Alitame,Alitame is a high-intensity artificial sweetener.,uncertain,"Information on the production process of Alitame is limited. Without detailed information on the ingredients and processes used in its manufacture, it is difficult to ascertain its Halal status definitively. Therefore, it is categorized as uncertain.","['e956', 'alitame']"
e960,Steviol Glycosides,Steviol glycosides are natural sweeteners extracted from the stevia plant.,halal,"Steviol glycosides are extracted from the stevia plant, which is a plant-based source. Plant-based sources are generally considered halal unless processed with haram substances.","['e960', 'steviol glycosides', 'stevia extract']"
egg-powder,Egg Powder,Dried form of eggs used in various food preparations.,halal,"Egg powder is derived from chicken eggs, which are considered halal. The drying process itself does not introduce any haram elements.","['egg-powder', 'dried-egg', 'powdered-egg']"
aspartame-acesulfame-salt,Aspartame-Acesulfame Salt,Sweetener,halal,Both aspartame and acesulfame potassium are considered halal. Combining them into a salt form does not change their halal status.,"['e967', 'aspartame-acesulfame-salt']"
quinine,Quinine,"A bitter crystalline alkaloid obtained from cinchona bark, used as a flavoring agent and in medicine.",halal,Quinine is generally considered halal as it is a naturally derived substance and the extraction process does not involve any haram substances.,"['e999', 'quinine']"
erythritol,Erythritol,A sugar alcohol used as a food additive and sugar substitute.,halal,Erythritol is produced by fermentation and is considered halal as the process and the end product do not contain any haram substances.,"['e968', 'erythritol']"
egg-protein,Egg Protein,"Protein derived from eggs, used in various food products.",halal,Eggs from halal animals (such as chickens) and their derivatives are considered halal.,"['egg protein', 'egg white protein', 'egg yolk protein']"
emulsified-shortening,Emulsified Shortening,A type of shortening that contains emulsifiers to help blend fats and liquids in baking.,uncertain,"The halal status depends on the ingredients used in the shortening and the source of the emulsifiers. If the emulsifiers are plant-based or derived from halal-slaughtered animals, it is halal. Otherwise, it is uncertain.","['emulsified shortening', 'shortening with emulsifiers']"
einkorn-flour,Einkorn Flour,"Flour made from einkorn wheat, an ancient grain.",halal,Einkorn flour is derived from a plant source and is considered halal.,"['einkorn flour', 'einkorn wheat flour']"
elubo,Elubo,A yam flour used in Nigerian cuisine.,halal,Yam flour is derived from a plant source and is considered halal.,"['elubo', 'yam flour']"
energy-drink-additive,Energy Drink Additive,"Various additives used in energy drinks to enhance flavor, provide energy, or preserve the product.",uncertain,"The halal status depends on the specific ingredients used as additives. Some additives may be haram (e.g., those containing alcohol or derived from non-halal animals), while others are halal. Without knowing the specific additive, the ruling is uncertain.","['energy drink additive', 'energy drink ingredient']"
emulsifying-salt,Emulsifying Salt,Salts used to stabilize cheese products and prevent separation of fats and proteins.,uncertain,"The halal status depends on the ingredients and processing aids used in the production of emulsifying salts. If they are free from haram substances, they are halal; otherwise, the ruling is uncertain.","['emulsifying salt', 'cheese emulsifier']"
emmer-flour,Emmer Flour,"Flour made from emmer wheat, an ancient grain.",halal,Emmer flour is derived from a plant source and is considered halal.,"['emmer flour', 'farro flour']"
enzyme-treated-flour,Enzyme Treated Flour,Flour that has been treated with enzymes to improve its baking qualities.,uncertain,"The halal status depends on the source and type of enzymes used. Enzymes from halal sources are permissible, while those from non-halal animal sources (e.g., porcine) are not. Without specific information on the enzyme source, the ruling is uncertain.",['enzyme treated flour']
enriched-flour,Enriched Flour,Flour that has had certain nutrients added back after processing.,halal,"Enriched flour is typically halal as the enrichment process involves adding vitamins and minerals that are generally considered halal. However, the source of these additives should be verified to ensure they are not derived from haram sources.","['enriched flour', 'fortified flour']"
enzymes,Enzymes,"Biological catalysts that speed up chemical reactions. Used in food production for various purposes, such as improving texture or flavor.",uncertain,"The halal status depends on the source of the enzymes. Enzymes derived from halal-slaughtered animals or plant/microbial sources are halal. Enzymes from non-halal animal sources (e.g., porcine) are haram. Without knowing the specific source, the ruling is uncertain.",['enzymes']
ergocalciferol,Ergocalciferol,A form of vitamin D2.,halal,"Ergocalciferol (Vitamin D2) is typically derived from plant or fungal sources, making it halal. It does not usually involve any haram substances in its production.","['ergocalciferol', 'vitamin d2']"
ethanol,Ethanol,"A type of alcohol, also known as ethyl alcohol, commonly used as a solvent, preservative, or disinfectant.",uncertain,"While ethanol itself is intoxicating and generally considered impermissible to consume, its use in small quantities as a solvent or preservative may be permissible depending on the concentration and whether the final product is intoxicating. Scholars have differing opinions on this matter.","['ethanol', 'ethyl alcohol', 'alcohol', 'c2h5oh']"
essential-oils,Essential Oils,Concentrated hydrophobic liquid containing volatile aroma compounds from plants.,halal,"Essential oils are extracted from plants and do not contain any haram ingredients. They are considered halal for use in food, cosmetics, and aromatherapy.","['essential oils', 'volatile oils', 'ethereal oils', 'plant extracts']"
fermented-soy-extract,Fermented Soy Extract,"Extract derived from fermented soybeans, used as a food ingredient.",halal,Fermented soy extract is halal as long as the fermentation process does not involve any haram substances. Soybeans are plant-based and halal in their origin.,"['fermented soy extract', 'fermented soya extract']"
ferric-pyrophosphate,Ferric Pyrophosphate,A form of iron used as a food additive for iron enrichment.,halal,Ferric pyrophosphate is a mineral and is considered halal unless it is processed with haram substances.,"['ferric pyrophosphate', 'iron pyrophosphate', 'iron(III) pyrophosphate']"
evaporated-milk,Evaporated Milk,"Milk that has had about 60% of the water removed, resulting in a concentrated milk product.",halal,Evaporated milk is halal as long as it is derived from halal animals and does not contain any haram additives.,"['evaporated milk', 'unsweetened condensed milk']"
fenugreek-gum,Fenugreek Gum,"A natural gum extracted from fenugreek seeds, used as a thickening and stabilizing agent in food products.",halal,Fenugreek gum is plant-based and considered halal.,"['fenugreek gum', 'fenugreek seed gum']"
extra-virgin-olive-oil,Extra Virgin Olive Oil,"The highest grade of olive oil, made by cold pressing olives.",halal,Extra virgin olive oil is plant-based and considered halal.,"['extra virgin olive oil', 'olive oil']"
fish-extract,Fish Extract,"Concentrated substance derived from fish, used to impart fish flavor or nutritional benefits to food products.",halal,Fish and its derivatives are considered halal according to Islamic dietary laws.,"['fish extract', 'fish essence']"
fish-powder,Fish Powder,"Dried and ground fish, used as a flavoring agent or nutritional supplement.",halal,Fish and its derivatives are considered halal according to Islamic dietary laws.,"['fish powder', 'dried fish powder']"
ferrous-fumarate,Ferrous Fumarate,An iron salt used as a source of iron in dietary supplements and food fortification.,halal,"Ferrous fumarate is a synthetic compound and does not contain any animal-derived ingredients or alcohol, so it is considered halal.","['ferrous fumarate', 'iron(II) fumarate', 'iron fumarate']"
ficin,Ficin,"A proteolytic enzyme derived from fig latex, used in food processing to tenderize meat and in cheese making.",halal,"Ficin is derived from figs, which are plant-based and considered halal. The enzyme itself does not contain any haram substances.","['ficin', 'fig enzyme']"
flavoring,Flavoring,Substances used to give a distinct flavor to food or other products.,uncertain,"The halal status depends on the source and composition of the flavoring. If derived from halal sources (e.g., certain fruits, spices) and does not contain haram substances (e.g., alcohol, non-halal animal products), it is halal. Otherwise, it is uncertain.","['flavoring', 'flavouring', 'natural flavoring', 'artificial flavoring']"
flaxseed-meal,Flaxseed Meal,"Ground flaxseeds, used as a source of fiber and omega-3 fatty acids.",halal,"Flaxseed meal is derived from flaxseeds, which are plant-based and considered halal.","['flaxseed meal', 'ground flaxseed', 'linseed meal']"
flaxseed-oil,Flaxseed Oil,"Oil extracted from flaxseeds, rich in omega-3 fatty acids.",halal,"Flaxseed oil is derived from flaxseeds, which are plant-based and considered halal.","['flaxseed oil', 'linseed oil']"
flour-treatment-agent,Flour Treatment Agent,"Substances added to flour to improve its baking quality, texture, or appearance.",uncertain,"The halal status depends on the specific agent used. Some agents are halal (e.g., ascorbic acid), while others may be of animal origin or contain haram substances, making them uncertain.","['flour treatment agent', 'dough conditioner', 'bread improver']"
flour-whitener,Flour Whitener,A chemical added to flour to make it appear whiter.,uncertain,"The halal status depends on the specific substance used as a flour whitener. Some may be halal, while others may contain haram ingredients or be questionable.","['flour whitener', 'bleached flour']"
folate,Folate,"A form of water-soluble vitamin B9, essential for cell growth and metabolism.",halal,Folate is a vitamin and is considered halal unless it is processed using haram substances.,"['folate', 'vitamin B9', 'folic acid']"
fos,Fructooligosaccharides,A type of prebiotic fiber that promotes the growth of beneficial bacteria in the gut.,halal,FOS is a type of sugar derived from plant sources. It is considered halal as long as it is not processed with haram substances.,"['fos', 'fructooligosaccharides', 'fructo-oligosaccharides', 'oligofructose', 'short-chain fructooligosaccharides']"
fortified-mineral,Fortified Mineral,Minerals added to food products to increase their nutritional value.,halal,Minerals are generally considered halal unless they are processed with or derived from haram substances.,"['fortified mineral', 'added minerals', 'mineral blend', 'mineral premix']"
fonio-flour,Fonio Flour,"Flour made from fonio, an ancient grain from West Africa.",halal,Fonio is a grain and all grains are considered halal unless contaminated with haram substances.,"['fonio flour', 'fonio', 'acha flour', 'hungry rice flour']"
fractionated-palm-oil,Fractionated Palm Oil,Palm oil that has been separated into different components through a process called fractionation.,halal,Palm oil is considered halal. Fractionation is a physical process and does not change the halal status of the oil unless it is contaminated with haram substances during processing.,"['fractionated palm oil', 'palm oil fractions', 'olein', 'stearin']"
hydrogenated-oil,Fully Hydrogenated Oil,"Vegetable or animal oil that has been converted to a solid or semi-solid form through hydrogenation, a process that adds hydrogen atoms to the oil's molecules.",uncertain,"The halal status depends on the source of the oil. If the oil is from a halal source (e.g., soybean, sunflower, or halal-slaughtered animal), it is halal. If it is from a haram source (e.g., pork), it is haram. If the source is not specified, it is uncertain.","['fully hydrogenated oil', 'hydrogenated oil', 'partially hydrogenated oil', 'hydrogenated vegetable oil']"
fruit-sugar,Fruit Sugar,A type of sugar naturally found in fruits.,halal,Fruit sugar is derived from fruits and does not contain any haram ingredients.,['fruit sugar']
soy-flour,Full Fat Soy Flour,Flour made from ground soybeans that have not had the oil extracted.,halal,"Soy flour is derived from soybeans, which are considered halal.","['full fat soy flour', 'soy flour', 'soya flour']"
fructose-syrup,Fructose Syrup,"A sweetener made from fructose, a type of sugar found in fruits and honey.",halal,Fructose syrup is typically derived from fruits or corn and is considered halal unless produced using haram ingredients or processes.,"['fructose syrup', 'high fructose corn syrup', 'fructose corn syrup']"
fructose,Fructose,"A monosaccharide (simple sugar) found in many plants, and is one of the three most important blood sugars along with glucose and galactose.",halal,Fructose is a naturally occurring sugar found in fruits and honey and is considered halal.,"['fructose', 'fruit sugar']"
fruit-juice-concentrate,Fruit Juice Concentrate,Fruit juice that has had most of its water extracted.,halal,Fruit juice concentrate is derived from fruits and is halal unless alcohol or other haram substances are added during processing.,"['fruit juice concentrate', 'concentrated fruit juice']"
ghee,Ghee,A class of clarified butter that originated in ancient India. It is commonly used in cooking and as a spread.,halal,"Ghee is made from butter, which is permissible if it's derived from halal animals and does not contain any haram additives.","['ghee', 'clarified butter']"
gallates,Gallates,"A group of antioxidant food additives used to prevent fats and oils from spoiling. Common examples include propyl gallate, octyl gallate, and dodecyl gallate.",halal,Gallates are synthetic compounds and are considered halal unless they contain or are produced with haram substances.,"['gallates', 'propyl gallate', 'octyl gallate', 'dodecyl gallate', 'E310', 'E311', 'E312']"
galactose,Galactose,"A monosaccharide sugar that is less sweet than glucose and fructose. It is found in dairy products, sugar beets, and gums.",halal,Galactose is a naturally occurring sugar and is considered halal.,"['galactose', 'milk sugar', 'brain sugar']"
garlic-powder,Garlic Powder,"Dehydrated, ground garlic used as a seasoning.",halal,Garlic powder is simply ground garlic and is considered halal.,"['garlic powder', 'dehydrated garlic']"
ginseng-extract,Ginseng Extract,"Concentrated form of ginseng, a root known for its potential health benefits and used in various food and beverage products.",halal,Ginseng extract is derived from the ginseng plant and does not contain any haram substances. It is considered halal unless alcohol is used in the extraction process.,"['ginseng extract', 'panax ginseng extract', 'ginseng root extract']"
glucomannan,Glucomannan,"A water-soluble dietary fiber derived from the root of the konjac plant, often used as a food additive and dietary supplement.",halal,Glucomannan is a polysaccharide derived from a plant source and does not contain any haram substances. It is considered halal.,"['glucomannan', 'konjac flour', 'konjac mannan', 'e425']"
glutinous-rice-flour,Glutinous Rice Flour,A type of flour made from glutinous rice (also known as sticky rice or sweet rice). It is used in various Asian desserts and dishes to provide a chewy and sticky texture.,halal,"Glutinous rice flour is derived from glutinous rice, which is a plant-based source. As long as it is not contaminated with any haram substances during processing, it is considered halal.","['glutinous rice flour', 'sweet rice flour', 'sticky rice flour', 'glutinous flour']"
gos,Galacto-oligosaccharides,A type of prebiotic carbohydrate composed of galactose molecules. It is used as a food ingredient to promote the growth of beneficial bacteria in the gut.,halal,"GOS is generally considered halal as it is derived from lactose, a sugar found in milk, and the production process typically does not involve any haram substances.","['gos', 'galacto-oligosaccharides', 'galactooligosaccharides']"
golden-syrup,Golden Syrup,"A thick, amber-colored invert sugar syrup made during the refining of sugar cane or sugar beet juice.",halal,"Golden syrup is considered halal as it is made from sugar and does not contain any haram ingredients. However, it is important to ensure that no non-halal ingredients are used in its processing or packaging.",['golden syrup']
gmp,Good Manufacturing Practice,A system for ensuring that products are consistently produced and controlled according to quality standards. It is designed to minimize the risks involved in any pharmaceutical production that cannot be eliminated through testing the final product.,halal,"GMP itself is a set of guidelines and standards for manufacturing processes. It doesn't inherently make a product halal or haram, but adherence to GMP can help ensure that halal products are produced in a clean and safe environment, free from contamination with haram substances.","['gmp', 'good manufacturing practice']"
gms,Glycerol Monostearate,An emulsifier used in food and cosmetic products.,uncertain,"Glycerol monostearate can be derived from both plant and animal sources. If it is derived from animal sources, it is only halal if the animal is halal and slaughtered according to Islamic guidelines.","['gms', 'glycerol monostearate', 'glyceryl monostearate', 'E471']"
grape-seed-extract,Grape Seed Extract,"A dietary supplement made by removing, drying, and pulverizing the bitter-tasting seeds of grapes. It is used for its antioxidant properties.",halal,"Grape seed extract is considered halal as it is derived from grapes and does not contain any haram ingredients. However, it is important to ensure that no non-halal ingredients are used in its processing or packaging.",['grape seed extract']
grits,Grits,"Coarsely ground corn, typically made from dent corn. It is a common food in the Southern United States, usually served as a breakfast dish.",halal,Grits are made from corn and do not contain any haram ingredients.,"['grits', 'hominy grits', 'corn grits']"
ground-oats,Ground Oats,Oats that have been milled into a fine powder or flour. Used in baking and as a thickening agent.,halal,Oats are a naturally halal grain. The grinding process does not introduce any haram substances.,"['ground oats', 'oat flour', 'milled oats']"
groundnut-oil,Groundnut Oil,"Oil extracted from peanuts, used for cooking and frying.",halal,"Groundnut oil is derived from peanuts, which are halal. The extraction process itself does not render it haram unless contaminated with haram substances.","['groundnut oil', 'peanut oil', 'arachis oil']"
ground-rice,Ground Rice,Rice that has been milled into a fine powder or flour. Used in baking and as a thickening agent.,halal,Rice is a naturally halal grain. The grinding process does not introduce any haram substances.,"['ground rice', 'rice flour', 'rice powder']"
hemp-protein-powder,Hemp Protein Powder,A protein supplement made from hemp seeds.,halal,"Hemp protein powder is derived from hemp seeds, which are considered halal. The production process typically involves grinding the seeds, which does not introduce any haram substances.","['hemp protein powder', 'hemp protein']"
herbal-extract,Herbal Extract,A concentrated preparation of herbs.,uncertain,"The ruling depends on the specific herbs used and the extraction process. Some herbs may have intoxicating properties, and the extraction process might involve non-halal solvents like alcohol.","['herbal extract', 'herb extract', 'extract of herbs']"
hazelnut-flour,Hazelnut Flour,Flour made from ground hazelnuts.,halal,"Hazelnut flour is made from ground hazelnuts, which are considered halal. The production process typically involves grinding the nuts, which does not introduce any haram substances.","['hazelnut flour', 'ground hazelnuts']"
gum-glaze,Gum Glaze,A shiny coating applied to confectionery and other food products.,uncertain,"The ruling depends on the ingredients used in the glaze. If the glaze contains gelatin or alcohol, it would be considered haram. Otherwise, it is halal.","['gum glaze', ""confectioner's glaze"", 'shellac']"
guarana-extract,Guarana Extract,"An extract from guarana seeds, often used as a stimulant.",halal,"Guarana extract is derived from guarana seeds, which are considered halal. The extraction process itself does not typically involve any haram substances.","['guarana extract', 'guarana seed extract']"
himalayan-pink-salt,Himalayan Pink Salt,"A type of rock salt mined from the Punjab region of Pakistan, known for its pink color due to trace minerals.",halal,Salt in its natural form is considered halal as it is a mineral and does not contain any haram substances.,['himalayan pink salt']
hfcs,High-Fructose Corn Syrup,A sweetener made from corn starch that has been processed to convert some of its glucose into fructose.,halal,"HFCS is typically halal as it is derived from corn, which is a permissible source. However, the processing should not involve any haram substances.","['hfcs', 'high-fructose corn syrup']"
hickory-smoke-flavor,Hickory Smoke Flavor,A flavoring that imparts the taste and aroma of hickory smoke to food products.,uncertain,"The halal status depends on the ingredients and processing aids used in the production of the flavor. If the flavor is natural it is halal, but if it contains alcohol or animal-derived ingredients, it would be haram. Without specific information on the source and processing, it is uncertain.","['hickory smoke flavor', 'hickory smoke']"
hfcs-55,High-Fructose Corn Syrup 55,A specific type of high-fructose corn syrup containing 55% fructose.,halal,"HFCS 55 is typically halal as it is derived from corn, which is a permissible source. However, the processing should not involve any haram substances.","['hfcs 55', 'high-fructose corn syrup 55']"
hfcs-42,High-Fructose Corn Syrup 42,A specific type of high-fructose corn syrup containing 42% fructose.,halal,"HFCS 42 is typically halal as it is derived from corn, which is a permissible source. However, the processing should not involve any haram substances.","['hfcs 42', 'high-fructose corn syrup 42']"
hfcs-90,High-Fructose Corn Syrup 90,A specific type of high-fructose corn syrup containing 90% fructose.,halal,"HFCS 90 is typically halal as it is derived from corn, which is a permissible source. However, the processing should not involve any haram substances.","['hfcs 90', 'high-fructose corn syrup 90']"
humectant,Humectant,A substance used to keep things moist.,uncertain,"The halal status depends on the source and composition of the humectant. Some humectants are plant-based and halal, while others may be derived from animal sources or contain haram ingredients.",['humectant']
honey,Honey,"A sweet, viscous fluid produced by bees from the nectar of flowers.",halal,"Honey is considered halal as it is a natural product derived from bees and flowers, and its consumption is permissible in Islam.",['honey']
hvp,Hydrolyzed Vegetable Protein,A flavor enhancer made by breaking down vegetable proteins into amino acids.,uncertain,"The halal status of Hydrolyzed Vegetable Protein (HVP) depends on the source of the vegetable protein and the enzymes used in the hydrolysis process. If the vegetable protein is from a halal source and the enzymes used are also halal, then HVP is considered halal. Otherwise, it is uncertain.","['hydrolyzed vegetable protein', 'hvp', 'hydrolysed vegetable protein']"
hominy-flour,Hominy Flour,Flour made from ground hominy (dried maize kernels treated with an alkali).,halal,"Hominy flour is generally considered halal as it is derived from maize, which is a plant-based source. The alkali treatment used in making hominy typically does not introduce any haram substances.",['hominy flour']
i-g,I G,"It could be a typo, and without further context, it's hard to determine the exact ingredient.",uncertain,The information is not sufficient to determine its halal status.,['i g']
ice-cream-stabilizer,Ice Cream Stabilizer,"A substance added to ice cream to improve its texture, prevent ice crystal formation, and extend its shelf life.",uncertain,"The halal status depends on the ingredients used in the stabilizer mix. Common stabilizers include gelatin, vegetable gums, and emulsifiers, some of which may be haram if derived from non-halal sources.","['ice cream stabilizer', 'ice-cream-stabilizer']"
inositol,Inositol,A vitamin-like substance found in many plants and animals. It is used in some food products and supplements.,halal,Inositol is generally considered halal as it is a naturally occurring substance found in plants and animals and does not contain any haram ingredients.,"['inositol', 'myo-inositol', 'vitamin b8']"
instant-ramen-stabilizer,Instant Ramen Stabilizer,An ingredient added to instant ramen to maintain its texture and prevent degradation during storage.,uncertain,"The ruling depends on the ingredients used in the stabilizer. If the stabilizer contains halal ingredients, it is halal. If it contains haram ingredients such as pork-derived gelatin or non-halal animal fats, it is haram. If the ingredients are unknown, the ruling is uncertain.","['instant ramen stabilizer', 'ramen stabilizer']"
injera-flour,Injera Flour,"Flour used to make injera, a sourdough flatbread commonly eaten in Ethiopia and Eritrea. Typically made from teff, but can include other grains.",halal,"Injera flour is typically made from teff or other grains, which are considered halal. The fermentation process also does not introduce any haram substances.","['injera flour', 'teff flour']"
imitation-vanilla,Imitation Vanilla,A synthetic flavoring that mimics the taste of natural vanilla extract.,uncertain,"The ruling depends on the ingredients used. If the imitation vanilla is alcohol-free and does not contain any haram ingredients, it is halal. However, some imitation vanilla flavorings may contain alcohol as a solvent, which would make them haram.","['imitation vanilla', 'artificial vanilla extract', 'vanilla flavoring']"
instant-soup-additive,Instant Soup Additive,"An ingredient added to instant soup to enhance flavor, texture, or nutritional value.",uncertain,"The ruling depends on the ingredients used in the additive. If the additive contains halal ingredients, it is halal. If it contains haram ingredients such as pork-derived ingredients or non-halal animal fats, it is haram. If the ingredients are unknown, the ruling is uncertain.","['instant soup additive', 'soup additive']"
imo,Isomalto-oligosaccharide,A mixture of short-chain carbohydrates with a digestion-resistant property. Used as a sweetener and dietary fiber.,halal,"IMO is typically produced from starch through enzymatic conversion, a process that does not involve any haram substances.","['imo', 'isomalto-oligosaccharide']"
invert-sugar,Invert Sugar,"A syrup mixture of glucose and fructose, resulting from the hydrolysis of sucrose.",halal,"Invert sugar is produced by hydrolyzing sucrose, a process that does not involve any haram substances.","['invert sugar', 'inverted sugar', 'invert sugar curing', 'invert sugar syrup']"
iodized-salt,Iodized Salt,Table salt with a small amount of iodine added.,halal,Iodized salt is considered halal as the added iodine does not render it haram.,"['iodized salt', 'iodised salt', 'salt with iodine']"
irish-moss-extract,Irish Moss Extract,"Extract derived from red algae (Chondrus crispus), used as a thickening or gelling agent.",halal,Irish moss extract is derived from a type of seaweed and is considered halal.,"['irish moss extract', 'carrageenan', 'chondrus crispus extract', 'E407']"
invert-syrup,Invert Syrup,"A syrup mixture of glucose and fructose, resulting from the hydrolysis of sucrose.",halal,"Invert syrup is produced by hydrolyzing sucrose, a process that does not involve any haram substances.","['invert syrup', 'inverted sugar syrup']"
iron-lactate,Iron Lactate,"An iron salt of lactic acid, used as a food additive.",uncertain,"Lactic acid, used to produce iron lactate, can be derived from both animal and non-animal sources. If the lactic acid is from an animal source that is not halal, then the iron lactate would be haram. Therefore, without knowing the source, it is uncertain.","['iron lactate', 'ferrous lactate']"
isinglass,Isinglass,"A type of gelatin obtained from the dried swim bladders of fish, used for clarifying beverages.",halal,"Isinglass is derived from fish, which are considered halal. As long as the production process does not involve any haram substances, it is permissible.",['isinglass']
isoascorbate,Isoascorbate,"An isomer of ascorbate (vitamin C), used as an antioxidant and food preservative.",halal,"Isoascorbate is chemically synthesized or derived from plant-based sources, and it does not contain any haram substances.",['isoascorbate']
job-s-tears-flour,Job's Tears Flour,"Flour made from Job's Tears, a type of grain.",halal,Job's Tears is a grain and plant-based products are halal unless contaminated with haram substances.,"['job s tears flour', ""job's tears flour"", 'coix lacryma-jobi flour']"
khorasan-wheat,Khorasan Wheat,"An ancient grain also known as Kamut, a variety of wheat.",halal,"Khorasan wheat is a type of wheat, and plant-based products are halal unless contaminated with haram substances.","['khorasan wheat', 'kamut', 'oriental wheat', 'triticum turgidum turanicum']"
kettle-corn-glaze,Kettle Corn Glaze,A sweet and salty coating applied to kettle corn.,uncertain,"The halal status depends on the ingredients used in the glaze, such as the type of sugar, oils, and any added flavors. Without a specific ingredient list, it is uncertain.",['kettle corn glaze']
keratin,Keratin,"A fibrous structural protein found in hair, nails, and skin.",uncertain,"Keratin is typically derived from animal sources. If the animal is not halal slaughtered, or if it comes from a haram animal (like a pig), it would be considered haram. Otherwise, it is halal.",['keratin']
kudzu-flour,Kudzu Flour,"A starch powder made from the root of the kudzu plant, used as a thickening agent in cooking.",halal,Kudzu flour is derived from a plant source and does not contain any haram ingredients.,"['kudzu flour', 'kuzu flour', 'kudzu starch']"
l-carnitine,L-Carnitine,A naturally occurring amino acid derivative that transports fatty acids into the mitochondria for energy production. It is often used in supplements and food additives.,uncertain,"L-Carnitine is generally considered halal if it is synthetically produced or derived from plant sources. However, if it is derived from animal sources, it is necessary to ensure that the animal was halal-slaughtered.","['l-carnitine', 'carnitine', 'l carnitine']"
kuttu-flour,Kuttu Flour,"Flour made from buckwheat, often used in gluten-free baking and traditional dishes.",halal,"Buckwheat is a plant and kuttu flour is made from buckwheat. Therefore, it is halal.","['kuttu flour', 'buckwheat flour']"
kosher-salt,Kosher Salt,"A coarse-grained salt with no additives, commonly used in cooking. The term 'kosher' refers to the salt's suitability for use in the koshering process of meat in Jewish law.",halal,"Salt, in its pure form, is halal. The term 'kosher' refers to Jewish dietary laws and does not inherently make the salt haram for Muslims. As long as no haram additives are present, it is permissible.","['kosher salt', 'kosher-salt']"
l-arginine,L-Arginine,An amino acid that plays a role in various physiological functions. It is often used in supplements and nutritional products.,uncertain,"L-Arginine is generally considered halal if it is synthetically produced or derived from plant sources. However, if it is derived from animal sources, it is necessary to ensure that the animal was halal-slaughtered.","['l-arginine', 'arginine', 'l arginine']"
l-glutamine,L-Glutamine,An amino acid that is a building block of protein.,halal,L-Glutamine is an amino acid and is considered halal if produced from halal sources via fermentation or synthesis without the use of haram substances.,"['l-glutamine', 'glutamine']"
l-threonine,L-Threonine,An essential amino acid necessary for human health.,halal,L-Threonine is an essential amino acid and is considered halal if produced from halal sources via fermentation or synthesis without the use of haram substances.,"['l-threonine', 'threonine']"
l-methionine,L-Methionine,An essential amino acid that plays a role in many cell functions.,halal,L-Methionine is an essential amino acid and is considered halal if produced from halal sources via fermentation or synthesis without the use of haram substances.,"['l-methionine', 'methionine']"
l-lysine,L-Lysine,An essential amino acid involved in various bodily functions.,halal,L-Lysine is an essential amino acid and is considered halal if produced from halal sources via fermentation or synthesis without the use of haram substances.,"['l-lysine', 'lysine']"
l-tryptophan,L-Tryptophan,An essential amino acid used in the formation of proteins.,halal,L-Tryptophan is an essential amino acid and is considered halal if produced from halal sources via fermentation or synthesis without the use of haram substances.,"['l-tryptophan', 'tryptophan']"
lactylated-mono-and-diglycerides,Lactylated Mono- and Diglycerides,"Emulsifiers and stabilizers made from glycerin, fatty acids, and lactic acid.",uncertain,"The halal status depends on the source of the fatty acids. If the fatty acids are from a halal source (vegetable or halal animal), it is halal. If from a non-halal animal source, it is haram. Without knowing the source, it is uncertain.","['lactylated mono and diglycerides', 'lactylated mono- and diglycerides', 'lactic acid esters of mono- and diglycerides']"
lactobacillus-sakei,Lactobacillus sakei,"A type of bacteria used in fermentation processes, often found in meat and vegetable products.",halal,Lactobacillus sakei is a bacteria used in fermentation and is considered halal as long as the fermentation process and the medium used do not contain any haram ingredients.,"['lactobacillus sakei', 'l. sakei']"
lard,Lard,Fat rendered from pork.,haram,"Lard is derived from pork, which is explicitly forbidden in Islam.","['lard', 'pork fat', 'pig fat']"
lanolin,Lanolin,A wax obtained from sheep's wool.,halal,Lanolin is extracted from sheep's wool and is considered halal as it does not involve the slaughtering of the animal and is not inherently haram.,"['lanolin', 'wool wax', 'wool fat', 'adeps lanae']"
lemon-oil,Lemon Oil,"A natural oil extracted from lemon peels, used for flavoring and fragrance.",halal,Lemon oil is extracted from lemon peels and does not contain any haram ingredients.,['lemon oil']
lentil-flour,Lentil Flour,"Flour made from ground lentils, used in baking and cooking.",halal,"Lentil flour is made from lentils, which are inherently halal.",['lentil flour']
lecithin,Lecithin,"A generic term to designate any group of yellow-brownish fatty substances occurring in animal and plant tissues which are amphiphilic – they attract both water and fatty substances (and so are both hydrophilic and lipophilic), and are used for smoothing food textures, emulsifying, homogenizing liquid mixtures, and repelling sticking materials.",uncertain,"Lecithin can be derived from both plant and animal sources. If it is plant-based (e.g., soy lecithin, sunflower lecithin), it is halal. If it is animal-based, the animal must be halal and slaughtered according to Islamic guidelines.","['lecithin', 'lecithin as improver', 'lecithin frying aid', 'lecithin as defoamer', 'E322']"
leaven,Leaven,A substance used to produce fermentation in dough or liquid.,halal,"Leaven is a substance used in fermentation, typically halal unless alcohol or non-halal ingredients are added.",['leaven']
leavening-agent,Leavening Agent,"A substance used to make baked goods rise, such as baking soda or yeast.",halal,"Most common leavening agents like baking soda, baking powder, and yeast are halal. However, it's important to ensure that any additional ingredients used in the leavening agent are also halal.",['leavening agent']
lemon-essence,Lemon Essence,A concentrated flavoring extracted from lemons.,halal,"Lemon essence is typically halal as it is derived from lemons. However, it is important to verify that the solvent used for extraction is halal (e.g., not derived from alcohol).",['lemon essence']
rye-flour,Light Rye Flour,"Flour milled from rye grain, with a lighter color and milder flavor compared to dark rye flour.",halal,Rye flour is derived from a plant source (rye grain) and is halal unless contaminated with haram substances during processing or storage.,"['light rye flour', 'light rye', 'rye flour']"
lipase,Lipase,"An enzyme that breaks down fats. It can be sourced from animals, plants, or microorganisms and is used in cheese making, baking, and flavor enhancement.",uncertain,"Lipase can be derived from animal sources (e.g., porcine or bovine pancreas) or microbial sources. If it is from animals not slaughtered according to Islamic guidelines, or from porcine sources, it is haram. Otherwise, it is halal. Without knowing the source, the ruling is uncertain.","['lipase', 'triacylglycerol lipase', 'glycerol ester hydrolase']"
liquid-smoke,Liquid Smoke,A natural flavoring made by condensing the smoke from burning wood. It is used to impart a smoky flavor to foods.,halal,"Liquid smoke is generally considered halal as it is derived from burning wood and does not contain any haram ingredients. However, it is important to ensure that the wood used is not treated with any non-halal substances.","['liquid smoke', 'natural smoke flavoring']"
lycopene,Lycopene,A carotenoid pigment found in tomatoes and other red fruits and vegetables. It is used as a food coloring and antioxidant.,halal,Lycopene is derived from plant-based sources and does not contain any haram ingredients.,"['lycopene', 'e160d']"
lotus-root-flour,Lotus Root Flour,"Flour made from dried and ground lotus root, used in cooking and baking.",halal,Lotus root flour is derived from a plant source and does not contain any haram ingredients.,"['lotus root flour', 'lotus flour']"
luo-han-guo-extract,Luo Han Guo Extract,A natural sweetener extracted from the luo han guo fruit (monk fruit).,halal,Luo Han Guo extract is derived from a plant source and does not contain any haram ingredients.,"['luo han guo extract', 'monk fruit extract', 'luo han guo', 'monk fruit']"
lutein,Lutein,"A carotenoid found in vegetables and fruits, used as a food coloring and antioxidant.",halal,Lutein is typically derived from plant-based sources and does not contain any haram ingredients.,"['lutein', 'e161b']"
lobster-extract,Lobster Extract,"Extract derived from lobster, used to impart lobster flavor in food products.",uncertain,"While seafood is generally considered halal, some scholars have differing opinions on the permissibility of certain shellfish. It is best to check with local scholars.","['lobster extract', 'lobster flavoring']"
lupin-flour,Lupin Flour,"Flour made from lupin beans, used in baking and as a gluten-free alternative.",halal,Lupin flour is derived from a plant source and does not contain any haram ingredients.,"['lupin flour', 'lupine flour']"
lysozyme,Lysozyme,An enzyme used as an antimicrobial agent in food products.,uncertain,"Lysozyme is typically derived from egg whites, which is halal. However, if the lysozyme is produced using haram methods or contaminated with haram substances, it would be considered haram.","['lysozyme', 'E1105']"
maida,Maida,"A finely milled refined wheat flour, used to make a wide variety of Indian breads, snacks, and sweets.",halal,Maida is a wheat flour and considered halal as long as it does not contain any non-halal additives.,"['maida', 'refined wheat flour']"
maize-flour,Maize Flour,Flour made from ground maize (corn).,halal,Maize flour is derived from corn and is considered halal unless it contains non-halal additives.,"['maize flour', 'corn flour', 'cornmeal']"
malt-flavor,Malt Flavor,"A flavoring derived from malted grains, usually barley.",halal,"Malt flavor is generally considered halal as it is derived from barley. However, the final ruling depends on the production method and any additives. If the malt flavor is produced using alcohol, or contains alcohol exceeding permissible limits, it would be considered haram. Otherwise, it is halal.","['malt flavor', 'malted barley flavor', 'malt flavour']"
maltodextrin,Maltodextrin,A polysaccharide that is used as a food additive. It is produced from starch by partial hydrolysis and is usually found as a white hygroscopic spray-dried powder.,halal,"Maltodextrin is derived from plant-based starch sources such as corn, rice, or potatoes through enzymatic process. These sources are halal.","['maltodextrin', 'E1400']"
manioc-flour,Manioc Flour,"Flour made from the cassava root, also known as cassava flour.",halal,"Manioc flour is derived from the cassava root, which is a plant-based source. All plant-based sources are considered halal unless cross-contaminated with haram ingredients.","['manioc flour', 'cassava flour']"
maltose,Maltose,A disaccharide formed from two units of glucose joined with an α(1→4) bond. It is the main sugar produced when amylase breaks down starch.,halal,"Maltose is a sugar derived from plant-based sources, typically grains. All plant-based sources are considered halal unless cross-contaminated with haram ingredients.","['maltose', 'malt sugar']"
meat-broth,Meat Broth,"A liquid made by simmering meat, bones, and vegetables in water, used as a base for soups, sauces, and stews.",uncertain,"The halal status depends on the source of the meat. If the meat is from a halal-slaughtered animal, it is halal. If it is from a non-halal source, it is haram.","['meat broth', 'beef broth', 'chicken broth', 'lamb broth', 'stock']"
meat-extract,Meat Extract,"A concentrated substance made by extracting the soluble components of meat, used to add flavor to food products.",uncertain,"The halal status depends on the source of the meat. If the meat is from a halal-slaughtered animal, it is halal. If it is from a non-halal source, it is haram.","['meat extract', 'beef extract', 'chicken extract']"
masa-harina,Masa Harina,"A type of flour made from corn that has been nixtamalized (soaked and cooked in an alkaline solution), commonly used to make tortillas and other Latin American dishes.",halal,"Masa harina is made from corn and lime, both of which are halal. The nixtamalization process does not introduce any haram substances.","['masa harina', 'masa', 'corn flour', 'nixtamalized corn flour']"
margarine,Margarine,A butter substitute made from vegetable oils or animal fats.,uncertain,"Margarine can be halal or haram depending on its ingredients. If it contains animal fat from non-halal sources or haram additives like certain emulsifiers (e.g., mono- and diglycerides) it is considered haram. Margarine made from pure vegetable oils is halal.","['margarine', 'vegetable oil spread']"
meat-powder,Meat Powder,"Dehydrated meat that has been ground into a fine powder, used as a flavoring agent or ingredient in various food products.",uncertain,"The halal status depends on the source of the meat. If the meat is from a halal-slaughtered animal, it is halal. If it is from a non-halal source, it is haram.","['meat powder', 'beef powder', 'chicken powder']"
marshmallow-base,Marshmallow Base,"The primary mixture used to create marshmallows, typically containing sugar, corn syrup, and a gelling agent.",uncertain,"The halal status depends on the gelling agent used. If the gelling agent is halal gelatin or a plant-based alternative, it is halal. If it contains non-halal gelatin, it is haram.","['marshmallow base', 'marshmallow filling']"
meat-curing-agent,Meat Curing Agent,"A substance used to preserve meat, typically containing salt, nitrates, nitrites, sugar, and sometimes spices.",halal,"Most meat curing agents are halal as they consist of salt, nitrates, nitrites, sugar and spices. However, the meat itself must be halal for the final product to be halal.","['meat curing agent', 'curing salt', 'pink curing salt', 'prague powder']"
menthol,Menthol,"An organic compound made synthetically or obtained from peppermint or other mint oils. It has local anesthetic and counterirritant qualities, and it is widely used to relieve minor throat irritation.",halal,"Menthol is typically derived from plant sources or produced synthetically, and neither process involves any haram substances.","['menthol', 'peppermint camphor', 'l-menthol']"
mesquite-smoke-flavor,Mesquite Smoke Flavor,"Flavoring derived from burning mesquite wood, used to impart a smoky taste to food products.",halal,"As long as the mesquite smoke flavor is derived solely from burning mesquite wood and does not contain any haram additives, it is considered halal.","['mesquite smoke flavor', 'mesquite smoke flavour']"
mesquite-smoke,Mesquite Smoke,"The smoke produced by burning mesquite wood, used for flavoring and preserving foods.",halal,Mesquite smoke is considered halal as it is derived from burning wood and does not contain any haram substances.,['mesquite smoke']
meat-tenderizer,Meat Tenderizer,"A substance used to soften meat fibers, often containing enzymes derived from plants or microorganisms.",uncertain,"The halal status depends on the ingredients used in the tenderizer. If it contains enzymes from halal-slaughtered animals or plant-based/microbial enzymes and no haram additives, it is halal. Otherwise, it is uncertain.",['meat tenderizer']
mesquite-flour,Mesquite Flour,"Flour made from ground mesquite pods, used as a gluten-free alternative in baking and cooking.",halal,Mesquite flour is derived from mesquite pods and does not contain any haram substances.,['mesquite flour']
miraculin,Miraculin,A taste-modifying glycoprotein extracted from the fruit of Synsepalum dulcificum (miracle berry).,halal,"Miraculin is a natural protein derived from a plant source (miracle berry), and its extraction process does not involve any haram substances.","['miraculin', 'miracle berry extract']"
milk-powder,Milk Powder,A dairy product made by evaporating milk to dryness.,halal,"Milk powder is halal as it is derived from milk, which is a permissible food in Islam, provided that it does not contain any non-halal additives.","['milk powder', 'dried milk', 'powdered milk', 'milk solids']"
molasses,Molasses,"A thick, dark syrup produced during the sugar-making process from sugar cane or sugar beets.",halal,Molasses is a byproduct of sugar production and is halal as long as no haram substances are added during processing.,"['molasses', 'blackstrap molasses']"
molasses-solids,Molasses Solids,"Dried form of molasses, retaining the characteristic flavor and nutrients.",halal,"Similar to molasses, molasses solids are halal, provided they are not contaminated with haram substances during processing.","['molasses solids', 'dried molasses']"
mochiko,Mochiko,Sweet rice flour made from glutinous rice.,halal,Mochiko is made from rice and is halal unless haram ingredients are added during processing.,"['mochiko', 'sweet rice flour', 'glutinous rice flour']"
mixed-acetic-and-tartaric-esters,Mixed Acetic and Tartaric Esters,Emulsifier used in food processing.,uncertain,"The halal status depends on the source and processing methods of the fatty acids used to produce these esters. Without specific information on the origin, it is uncertain.","['mixed acetic and tartaric esters', 'E472f']"
